mode: set
github.com/Neo4717/NeoCoin/additional_tests.go:7.40,9.19 2 0
github.com/Neo4717/NeoCoin/additional_tests.go:9.19,11.3 1 0
github.com/Neo4717/NeoCoin/additional_tests.go:14.52,15.62 1 0
github.com/Neo4717/NeoCoin/additional_tests.go:15.62,17.3 1 0
github.com/Neo4717/NeoCoin/additional_tests.go:19.2,19.27 1 0
github.com/Neo4717/NeoCoin/additional_tests.go:19.27,21.3 1 0
github.com/Neo4717/NeoCoin/additional_tests.go:23.2,23.33 1 0
github.com/Neo4717/NeoCoin/additional_tests.go:23.33,25.3 1 0
github.com/Neo4717/NeoCoin/additional_tests.go:28.46,31.29 2 0
github.com/Neo4717/NeoCoin/additional_tests.go:31.29,32.32 1 0
github.com/Neo4717/NeoCoin/additional_tests.go:32.32,34.18 2 0
github.com/Neo4717/NeoCoin/additional_tests.go:34.18,36.5 1 0
github.com/Neo4717/NeoCoin/additional_tests.go:41.35,43.16 2 0
github.com/Neo4717/NeoCoin/additional_tests.go:43.16,45.3 1 0
github.com/Neo4717/NeoCoin/additional_tests.go:47.2,47.19 1 0
github.com/Neo4717/NeoCoin/additional_tests.go:47.19,49.3 1 0
github.com/Neo4717/NeoCoin/additional_tests.go:51.2,51.26 1 0
github.com/Neo4717/NeoCoin/additional_tests.go:51.26,53.3 1 0
github.com/Neo4717/NeoCoin/additional_tests.go:56.51,58.16 2 0
github.com/Neo4717/NeoCoin/additional_tests.go:58.16,60.3 1 0
github.com/Neo4717/NeoCoin/additional_tests.go:62.2,64.16 3 0
github.com/Neo4717/NeoCoin/additional_tests.go:64.16,67.3 2 0
github.com/Neo4717/NeoCoin/additional_tests.go:69.2,69.39 1 0
github.com/Neo4717/NeoCoin/additional_tests.go:69.39,71.3 1 0
github.com/Neo4717/NeoCoin/additional_tests.go:74.40,76.34 2 0
github.com/Neo4717/NeoCoin/additional_tests.go:76.34,78.3 1 0
github.com/Neo4717/NeoCoin/additional_tests.go:81.39,83.33 2 0
github.com/Neo4717/NeoCoin/additional_tests.go:83.33,85.3 1 0
github.com/Neo4717/NeoCoin/additional_tests.go:88.42,90.40 2 0
github.com/Neo4717/NeoCoin/additional_tests.go:90.40,92.3 1 0
github.com/Neo4717/NeoCoin/additional_tests.go:95.41,97.38 2 0
github.com/Neo4717/NeoCoin/additional_tests.go:97.38,99.3 1 0
github.com/Neo4717/NeoCoin/additional_tests.go:102.44,105.12 3 0
github.com/Neo4717/NeoCoin/additional_tests.go:105.12,107.3 1 0
github.com/Neo4717/NeoCoin/additional_tests.go:110.42,112.40 2 0
github.com/Neo4717/NeoCoin/additional_tests.go:112.40,114.3 1 0
github.com/Neo4717/NeoCoin/additional_tests.go:117.38,120.2 2 0
github.com/Neo4717/NeoCoin/additional_tests.go:122.35,124.16 2 0
github.com/Neo4717/NeoCoin/additional_tests.go:124.16,127.3 2 0
github.com/Neo4717/NeoCoin/additional_tests.go:128.2,128.18 1 0
github.com/Neo4717/NeoCoin/additional_tests.go:128.18,130.3 1 0
github.com/Neo4717/NeoCoin/additional_tests.go:133.48,135.18 2 0
github.com/Neo4717/NeoCoin/additional_tests.go:135.18,137.3 1 0
github.com/Neo4717/NeoCoin/additional_tests.go:139.2,141.10 3 0
github.com/Neo4717/NeoCoin/additional_tests.go:144.34,146.18 2 0
github.com/Neo4717/NeoCoin/additional_tests.go:146.18,148.3 1 0
github.com/Neo4717/NeoCoin/additional_tests.go:150.2,154.18 4 0
github.com/Neo4717/NeoCoin/additional_tests.go:154.18,156.3 1 0
github.com/Neo4717/NeoCoin/additional_tests.go:159.36,161.15 2 0
github.com/Neo4717/NeoCoin/additional_tests.go:161.15,163.3 1 0
github.com/Neo4717/NeoCoin/additional_tests.go:166.42,169.15 3 0
github.com/Neo4717/NeoCoin/additional_tests.go:169.15,171.3 1 0
github.com/Neo4717/NeoCoin/additional_tests.go:174.48,177.14 3 0
github.com/Neo4717/NeoCoin/additional_tests.go:177.14,179.3 1 0
github.com/Neo4717/NeoCoin/additional_tests.go:182.40,185.2 2 0
github.com/Neo4717/NeoCoin/address.go:16.44,30.2 9 1
github.com/Neo4717/NeoCoin/address.go:32.41,33.39 1 1
github.com/Neo4717/NeoCoin/address.go:33.39,35.3 1 1
github.com/Neo4717/NeoCoin/address.go:37.2,37.48 1 1
github.com/Neo4717/NeoCoin/address.go:37.48,39.3 1 1
github.com/Neo4717/NeoCoin/address.go:41.2,44.16 3 1
github.com/Neo4717/NeoCoin/address.go:44.16,46.3 1 0
github.com/Neo4717/NeoCoin/address.go:48.2,48.34 1 1
github.com/Neo4717/NeoCoin/address.go:48.34,50.3 1 0
github.com/Neo4717/NeoCoin/address.go:52.2,57.35 4 1
github.com/Neo4717/NeoCoin/address.go:57.35,58.39 1 1
github.com/Neo4717/NeoCoin/address.go:58.39,60.4 1 0
github.com/Neo4717/NeoCoin/address.go:63.2,63.12 1 1
github.com/Neo4717/NeoCoin/address.go:66.54,68.32 2 0
github.com/Neo4717/NeoCoin/address.go:68.32,70.3 1 0
github.com/Neo4717/NeoCoin/address.go:71.2,76.76 6 0
github.com/Neo4717/NeoCoin/address.go:79.49,81.2 1 1
github.com/Neo4717/NeoCoin/address.go:83.49,84.48 1 1
github.com/Neo4717/NeoCoin/address.go:84.48,86.3 1 0
github.com/Neo4717/NeoCoin/address.go:88.2,90.16 3 1
github.com/Neo4717/NeoCoin/address.go:90.16,92.3 1 0
github.com/Neo4717/NeoCoin/address.go:94.2,94.32 1 1
github.com/Neo4717/NeoCoin/address.go:94.32,96.3 1 0
github.com/Neo4717/NeoCoin/address.go:98.2,98.48 1 1
github.com/Neo4717/NeoCoin/address.go:101.40,102.21 1 0
github.com/Neo4717/NeoCoin/address.go:102.21,104.3 1 0
github.com/Neo4717/NeoCoin/address.go:105.2,105.46 1 0
github.com/Neo4717/NeoCoin/address.go:108.42,110.2 1 1
github.com/Neo4717/NeoCoin/address.go:112.44,114.21 2 1
github.com/Neo4717/NeoCoin/address.go:114.21,116.3 1 1
github.com/Neo4717/NeoCoin/address.go:117.2,117.29 1 1
github.com/Neo4717/NeoCoin/address.go:120.53,122.21 2 1
github.com/Neo4717/NeoCoin/address.go:122.21,123.15 1 1
github.com/Neo4717/NeoCoin/address.go:123.15,125.4 1 1
github.com/Neo4717/NeoCoin/address.go:125.9,127.4 1 1
github.com/Neo4717/NeoCoin/address.go:129.2,129.29 1 1
github.com/Neo4717/NeoCoin/ai_features.go:19.94,20.21 1 0
github.com/Neo4717/NeoCoin/ai_features.go:20.21,22.3 1 0
github.com/Neo4717/NeoCoin/ai_features.go:23.2,23.23 1 0
github.com/Neo4717/NeoCoin/ai_features.go:23.23,25.3 1 0
github.com/Neo4717/NeoCoin/ai_features.go:26.2,33.3 1 0
github.com/Neo4717/NeoCoin/ai_features.go:46.95,54.38 6 0
github.com/Neo4717/NeoCoin/ai_features.go:54.38,58.3 3 0
github.com/Neo4717/NeoCoin/ai_features.go:61.60,65.2 3 0
github.com/Neo4717/NeoCoin/ai_features.go:67.59,74.28 5 0
github.com/Neo4717/NeoCoin/ai_features.go:74.28,76.3 1 0
github.com/Neo4717/NeoCoin/ai_features.go:78.2,87.42 7 0
github.com/Neo4717/NeoCoin/ai_features.go:87.42,88.16 1 0
github.com/Neo4717/NeoCoin/ai_features.go:88.16,98.4 1 0
github.com/Neo4717/NeoCoin/ai_features.go:101.2,101.16 1 0
github.com/Neo4717/NeoCoin/ai_features.go:104.77,112.24 6 0
github.com/Neo4717/NeoCoin/ai_features.go:112.24,122.3 1 0
github.com/Neo4717/NeoCoin/ai_features.go:124.2,126.24 3 0
github.com/Neo4717/NeoCoin/ai_features.go:126.24,136.3 1 0
github.com/Neo4717/NeoCoin/ai_features.go:138.2,138.16 1 0
github.com/Neo4717/NeoCoin/ai_features.go:141.83,150.33 6 0
github.com/Neo4717/NeoCoin/ai_features.go:150.33,160.3 1 0
github.com/Neo4717/NeoCoin/ai_features.go:162.2,162.16 1 0
github.com/Neo4717/NeoCoin/ai_features.go:165.77,174.33 6 0
github.com/Neo4717/NeoCoin/ai_features.go:174.33,184.3 1 0
github.com/Neo4717/NeoCoin/ai_features.go:186.2,186.16 1 0
github.com/Neo4717/NeoCoin/ai_features.go:205.99,206.25 1 0
github.com/Neo4717/NeoCoin/ai_features.go:206.25,208.3 1 0
github.com/Neo4717/NeoCoin/ai_features.go:209.2,209.22 1 0
github.com/Neo4717/NeoCoin/ai_features.go:209.22,211.3 1 0
github.com/Neo4717/NeoCoin/ai_features.go:212.2,212.19 1 0
github.com/Neo4717/NeoCoin/ai_features.go:212.19,214.3 1 0
github.com/Neo4717/NeoCoin/ai_features.go:215.2,220.3 1 0
github.com/Neo4717/NeoCoin/ai_features.go:223.67,230.59 5 0
github.com/Neo4717/NeoCoin/ai_features.go:230.59,238.3 2 0
github.com/Neo4717/NeoCoin/ai_features.go:240.2,242.22 3 0
github.com/Neo4717/NeoCoin/ai_features.go:245.54,250.13 4 0
github.com/Neo4717/NeoCoin/ai_features.go:250.13,252.3 1 0
github.com/Neo4717/NeoCoin/ai_features.go:254.2,255.48 2 0
github.com/Neo4717/NeoCoin/ai_features.go:255.48,257.3 1 0
github.com/Neo4717/NeoCoin/ai_features.go:259.2,259.85 1 0
github.com/Neo4717/NeoCoin/ai_features.go:262.67,266.51 3 0
github.com/Neo4717/NeoCoin/ai_features.go:266.51,268.3 1 0
github.com/Neo4717/NeoCoin/ai_features.go:269.2,269.12 1 0
github.com/Neo4717/NeoCoin/ai_features.go:272.56,277.42 4 0
github.com/Neo4717/NeoCoin/ai_features.go:277.42,279.3 1 0
github.com/Neo4717/NeoCoin/ai_features.go:280.2,280.15 1 0
github.com/Neo4717/NeoCoin/ai_features.go:290.71,291.21 1 0
github.com/Neo4717/NeoCoin/ai_features.go:291.21,293.3 1 0
github.com/Neo4717/NeoCoin/ai_features.go:294.2,294.21 1 0
github.com/Neo4717/NeoCoin/ai_features.go:294.21,296.3 1 0
github.com/Neo4717/NeoCoin/ai_features.go:297.2,301.3 1 0
github.com/Neo4717/NeoCoin/ai_features.go:310.50,315.38 4 0
github.com/Neo4717/NeoCoin/ai_features.go:315.38,317.3 1 0
github.com/Neo4717/NeoCoin/ai_features.go:320.70,324.28 3 0
github.com/Neo4717/NeoCoin/ai_features.go:324.28,330.3 1 0
github.com/Neo4717/NeoCoin/ai_features.go:332.2,333.24 2 0
github.com/Neo4717/NeoCoin/ai_features.go:333.24,335.3 1 0
github.com/Neo4717/NeoCoin/ai_features.go:335.8,335.31 1 0
github.com/Neo4717/NeoCoin/ai_features.go:335.31,337.3 1 0
github.com/Neo4717/NeoCoin/ai_features.go:339.2,340.24 2 0
github.com/Neo4717/NeoCoin/ai_features.go:340.24,342.3 1 0
github.com/Neo4717/NeoCoin/ai_features.go:344.2,345.28 2 0
github.com/Neo4717/NeoCoin/ai_features.go:345.28,347.3 1 0
github.com/Neo4717/NeoCoin/ai_features.go:347.8,347.35 1 0
github.com/Neo4717/NeoCoin/ai_features.go:347.35,349.3 1 0
github.com/Neo4717/NeoCoin/ai_features.go:351.2,355.3 1 0
github.com/Neo4717/NeoCoin/ai_features.go:378.48,388.2 1 0
github.com/Neo4717/NeoCoin/ai_features.go:401.113,406.13 4 0
github.com/Neo4717/NeoCoin/ai_features.go:406.13,414.3 2 0
github.com/Neo4717/NeoCoin/ai_features.go:416.2,421.28 5 0
github.com/Neo4717/NeoCoin/ai_features.go:421.28,426.3 4 0
github.com/Neo4717/NeoCoin/ai_features.go:429.71,434.13 4 0
github.com/Neo4717/NeoCoin/ai_features.go:434.13,440.3 1 0
github.com/Neo4717/NeoCoin/ai_features.go:442.2,450.39 7 0
github.com/Neo4717/NeoCoin/ai_features.go:450.39,453.3 2 0
github.com/Neo4717/NeoCoin/ai_features.go:454.2,454.45 1 0
github.com/Neo4717/NeoCoin/ai_features.go:454.45,457.3 2 0
github.com/Neo4717/NeoCoin/ai_features.go:458.2,458.47 1 0
github.com/Neo4717/NeoCoin/ai_features.go:458.47,461.3 2 0
github.com/Neo4717/NeoCoin/ai_features.go:462.2,462.46 1 0
github.com/Neo4717/NeoCoin/ai_features.go:462.46,465.3 2 0
github.com/Neo4717/NeoCoin/ai_features.go:467.2,467.22 1 0
github.com/Neo4717/NeoCoin/ai_features.go:467.22,469.3 1 0
github.com/Neo4717/NeoCoin/ai_features.go:471.2,480.3 1 0
github.com/Neo4717/NeoCoin/ai_features.go:500.72,501.21 1 0
github.com/Neo4717/NeoCoin/ai_features.go:501.21,503.3 1 0
github.com/Neo4717/NeoCoin/ai_features.go:504.2,507.3 1 0
github.com/Neo4717/NeoCoin/ai_features.go:522.112,527.13 4 0
github.com/Neo4717/NeoCoin/ai_features.go:527.13,534.3 2 0
github.com/Neo4717/NeoCoin/ai_features.go:536.2,540.23 4 0
github.com/Neo4717/NeoCoin/ai_features.go:540.23,542.3 1 0
github.com/Neo4717/NeoCoin/ai_features.go:544.2,544.39 1 0
github.com/Neo4717/NeoCoin/ai_features.go:544.39,546.3 1 0
github.com/Neo4717/NeoCoin/ai_features.go:548.2,549.23 2 0
github.com/Neo4717/NeoCoin/ai_features.go:549.23,551.3 1 0
github.com/Neo4717/NeoCoin/ai_features.go:554.83,559.13 4 0
github.com/Neo4717/NeoCoin/ai_features.go:559.13,564.3 1 0
github.com/Neo4717/NeoCoin/ai_features.go:566.2,568.21 3 0
github.com/Neo4717/NeoCoin/ai_features.go:568.21,570.3 1 0
github.com/Neo4717/NeoCoin/ai_features.go:570.8,570.28 1 0
github.com/Neo4717/NeoCoin/ai_features.go:570.28,572.3 1 0
github.com/Neo4717/NeoCoin/ai_features.go:574.2,575.33 2 0
github.com/Neo4717/NeoCoin/ai_features.go:575.33,577.3 1 0
github.com/Neo4717/NeoCoin/ai_features.go:577.8,577.43 1 0
github.com/Neo4717/NeoCoin/ai_features.go:577.43,579.3 1 0
github.com/Neo4717/NeoCoin/ai_features.go:579.8,579.45 1 0
github.com/Neo4717/NeoCoin/ai_features.go:579.45,581.3 1 0
github.com/Neo4717/NeoCoin/ai_features.go:581.8,583.3 1 0
github.com/Neo4717/NeoCoin/ai_features.go:585.2,587.28 3 0
github.com/Neo4717/NeoCoin/ai_features.go:587.28,589.3 1 0
github.com/Neo4717/NeoCoin/ai_features.go:589.8,589.34 1 0
github.com/Neo4717/NeoCoin/ai_features.go:589.34,591.3 1 0
github.com/Neo4717/NeoCoin/ai_features.go:593.2,603.3 1 0
github.com/Neo4717/NeoCoin/ai_features.go:606.59,609.24 2 0
github.com/Neo4717/NeoCoin/ai_features.go:609.24,611.3 1 0
github.com/Neo4717/NeoCoin/ai_features.go:613.2,613.26 1 0
github.com/Neo4717/NeoCoin/ai_features.go:613.26,615.3 1 0
github.com/Neo4717/NeoCoin/ai_features.go:615.8,615.32 1 0
github.com/Neo4717/NeoCoin/ai_features.go:615.32,617.3 1 0
github.com/Neo4717/NeoCoin/ai_features.go:619.2,620.25 2 0
github.com/Neo4717/NeoCoin/ai_features.go:620.25,622.3 1 0
github.com/Neo4717/NeoCoin/ai_features.go:622.8,622.31 1 0
github.com/Neo4717/NeoCoin/ai_features.go:622.31,624.3 1 0
github.com/Neo4717/NeoCoin/ai_features.go:626.2,626.35 1 0
github.com/Neo4717/NeoCoin/ai_features.go:626.35,628.3 1 0
github.com/Neo4717/NeoCoin/ai_features.go:628.8,628.40 1 0
github.com/Neo4717/NeoCoin/ai_features.go:628.40,630.3 1 0
github.com/Neo4717/NeoCoin/ai_features.go:630.8,630.43 1 0
github.com/Neo4717/NeoCoin/ai_features.go:630.43,632.3 1 0
github.com/Neo4717/NeoCoin/ai_features.go:634.2,635.49 2 0
github.com/Neo4717/NeoCoin/ai_features.go:635.49,637.3 1 0
github.com/Neo4717/NeoCoin/ai_features.go:639.2,639.29 1 0
github.com/Neo4717/NeoCoin/ai_features.go:642.60,643.25 1 0
github.com/Neo4717/NeoCoin/ai_features.go:643.25,645.3 1 0
github.com/Neo4717/NeoCoin/ai_features.go:646.2,647.30 2 0
github.com/Neo4717/NeoCoin/ai_features.go:647.30,649.3 1 0
github.com/Neo4717/NeoCoin/ai_features.go:650.2,650.67 1 0
github.com/Neo4717/NeoCoin/ai_features.go:653.79,654.25 1 0
github.com/Neo4717/NeoCoin/ai_features.go:654.25,656.3 1 0
github.com/Neo4717/NeoCoin/ai_features.go:657.2,658.30 2 0
github.com/Neo4717/NeoCoin/ai_features.go:658.30,661.3 2 0
github.com/Neo4717/NeoCoin/ai_features.go:662.2,662.82 1 0
github.com/Neo4717/NeoCoin/ai_features.go:665.33,666.19 1 0
github.com/Neo4717/NeoCoin/ai_features.go:666.19,668.3 1 0
github.com/Neo4717/NeoCoin/ai_features.go:669.2,670.24 2 0
github.com/Neo4717/NeoCoin/ai_features.go:670.24,672.3 1 0
github.com/Neo4717/NeoCoin/ai_features.go:673.2,673.41 1 0
github.com/Neo4717/NeoCoin/ai_features.go:676.46,677.19 1 0
github.com/Neo4717/NeoCoin/ai_features.go:677.19,679.3 1 0
github.com/Neo4717/NeoCoin/ai_features.go:680.2,681.24 2 0
github.com/Neo4717/NeoCoin/ai_features.go:681.24,684.3 2 0
github.com/Neo4717/NeoCoin/ai_features.go:685.2,685.45 1 0
github.com/Neo4717/NeoCoin/ai_features.go:688.39,689.19 1 0
github.com/Neo4717/NeoCoin/ai_features.go:689.19,691.3 1 0
github.com/Neo4717/NeoCoin/ai_features.go:692.2,693.24 2 0
github.com/Neo4717/NeoCoin/ai_features.go:693.24,695.3 1 0
github.com/Neo4717/NeoCoin/ai_features.go:696.2,696.32 1 0
github.com/Neo4717/NeoCoin/ai_features.go:699.59,700.25 1 0
github.com/Neo4717/NeoCoin/ai_features.go:700.25,702.3 1 0
github.com/Neo4717/NeoCoin/ai_features.go:703.2,704.30 2 0
github.com/Neo4717/NeoCoin/ai_features.go:704.30,706.3 1 0
github.com/Neo4717/NeoCoin/ai_features.go:707.2,707.68 1 0
github.com/Neo4717/NeoCoin/ai_features.go:710.58,711.20 1 0
github.com/Neo4717/NeoCoin/ai_features.go:711.20,713.3 1 0
github.com/Neo4717/NeoCoin/ai_features.go:714.2,716.37 3 0
github.com/Neo4717/NeoCoin/ai_features.go:716.37,717.40 1 0
github.com/Neo4717/NeoCoin/ai_features.go:717.40,718.29 1 0
github.com/Neo4717/NeoCoin/ai_features.go:718.29,720.5 1 0
github.com/Neo4717/NeoCoin/ai_features.go:723.2,724.24 2 0
github.com/Neo4717/NeoCoin/ai_features.go:724.24,726.3 1 0
github.com/Neo4717/NeoCoin/ai_features.go:727.2,727.20 1 0
github.com/Neo4717/NeoCoin/ai_spam_filter.go:62.62,63.15 1 1
github.com/Neo4717/NeoCoin/ai_spam_filter.go:63.15,65.3 1 1
github.com/Neo4717/NeoCoin/ai_spam_filter.go:67.2,75.3 1 1
github.com/Neo4717/NeoCoin/ai_spam_filter.go:78.62,83.2 4 0
github.com/Neo4717/NeoCoin/ai_spam_filter.go:85.41,89.2 3 0
github.com/Neo4717/NeoCoin/ai_spam_filter.go:91.37,95.2 3 0
github.com/Neo4717/NeoCoin/ai_spam_filter.go:97.161,105.14 7 0
github.com/Neo4717/NeoCoin/ai_spam_filter.go:105.14,107.3 1 0
github.com/Neo4717/NeoCoin/ai_spam_filter.go:109.2,121.16 4 0
github.com/Neo4717/NeoCoin/ai_spam_filter.go:121.16,123.15 2 0
github.com/Neo4717/NeoCoin/ai_spam_filter.go:123.15,125.4 1 0
github.com/Neo4717/NeoCoin/ai_spam_filter.go:126.3,126.55 1 0
github.com/Neo4717/NeoCoin/ai_spam_filter.go:128.2,131.16 3 0
github.com/Neo4717/NeoCoin/ai_spam_filter.go:131.16,133.15 2 0
github.com/Neo4717/NeoCoin/ai_spam_filter.go:133.15,135.4 1 0
github.com/Neo4717/NeoCoin/ai_spam_filter.go:136.3,136.34 1 0
github.com/Neo4717/NeoCoin/ai_spam_filter.go:138.2,140.38 2 0
github.com/Neo4717/NeoCoin/ai_spam_filter.go:140.38,142.15 2 0
github.com/Neo4717/NeoCoin/ai_spam_filter.go:142.15,144.4 1 0
github.com/Neo4717/NeoCoin/ai_spam_filter.go:145.3,145.62 1 0
github.com/Neo4717/NeoCoin/ai_spam_filter.go:148.2,149.67 2 0
github.com/Neo4717/NeoCoin/ai_spam_filter.go:149.67,151.3 1 0
github.com/Neo4717/NeoCoin/ai_spam_filter.go:153.2,155.33 2 0
github.com/Neo4717/NeoCoin/ai_spam_filter.go:155.33,157.3 1 0
github.com/Neo4717/NeoCoin/ai_spam_filter.go:159.2,159.50 1 0
github.com/Neo4717/NeoCoin/ai_spam_filter.go:162.52,166.16 4 0
github.com/Neo4717/NeoCoin/ai_spam_filter.go:166.16,168.3 1 0
github.com/Neo4717/NeoCoin/ai_spam_filter.go:168.8,170.3 1 0
github.com/Neo4717/NeoCoin/ai_spam_filter.go:173.78,177.2 3 0
github.com/Neo4717/NeoCoin/ai_spam_filter.go:179.74,188.2 2 0
github.com/Neo4717/NeoCoin/block_size.go:10.51,11.14 1 1
github.com/Neo4717/NeoCoin/block_size.go:11.14,13.3 1 0
github.com/Neo4717/NeoCoin/block_size.go:14.2,15.16 2 1
github.com/Neo4717/NeoCoin/block_size.go:15.16,17.3 1 0
github.com/Neo4717/NeoCoin/block_size.go:18.2,18.22 1 1
github.com/Neo4717/NeoCoin/chain.go:43.119,46.16 3 1
github.com/Neo4717/NeoCoin/chain.go:46.16,48.3 1 0
github.com/Neo4717/NeoCoin/chain.go:49.2,50.16 2 1
github.com/Neo4717/NeoCoin/chain.go:50.16,52.3 1 0
github.com/Neo4717/NeoCoin/chain.go:53.2,53.51 1 1
github.com/Neo4717/NeoCoin/chain.go:53.51,55.3 1 0
github.com/Neo4717/NeoCoin/chain.go:56.2,70.24 3 1
github.com/Neo4717/NeoCoin/chain.go:70.24,72.46 1 1
github.com/Neo4717/NeoCoin/chain.go:72.46,74.60 1 0
github.com/Neo4717/NeoCoin/chain.go:74.60,76.5 1 0
github.com/Neo4717/NeoCoin/chain.go:80.2,81.64 2 1
github.com/Neo4717/NeoCoin/chain.go:81.64,83.3 1 0
github.com/Neo4717/NeoCoin/chain.go:85.2,86.16 2 1
github.com/Neo4717/NeoCoin/chain.go:86.16,88.3 1 0
github.com/Neo4717/NeoCoin/chain.go:89.2,91.16 3 1
github.com/Neo4717/NeoCoin/chain.go:91.16,93.3 1 0
github.com/Neo4717/NeoCoin/chain.go:94.2,94.24 1 1
github.com/Neo4717/NeoCoin/chain.go:94.24,96.3 1 1
github.com/Neo4717/NeoCoin/chain.go:100.2,104.74 4 1
github.com/Neo4717/NeoCoin/chain.go:104.74,107.3 2 0
github.com/Neo4717/NeoCoin/chain.go:108.2,108.21 1 1
github.com/Neo4717/NeoCoin/chain.go:108.21,110.3 1 0
github.com/Neo4717/NeoCoin/chain.go:112.2,112.57 1 1
github.com/Neo4717/NeoCoin/chain.go:112.57,114.3 1 0
github.com/Neo4717/NeoCoin/chain.go:114.8,114.15 1 1
github.com/Neo4717/NeoCoin/chain.go:114.15,115.24 1 1
github.com/Neo4717/NeoCoin/chain.go:115.24,117.4 1 0
github.com/Neo4717/NeoCoin/chain.go:118.3,120.33 3 1
github.com/Neo4717/NeoCoin/chain.go:120.33,121.23 1 1
github.com/Neo4717/NeoCoin/chain.go:121.23,123.5 1 0
github.com/Neo4717/NeoCoin/chain.go:123.10,125.5 1 1
github.com/Neo4717/NeoCoin/chain.go:127.8,129.25 1 1
github.com/Neo4717/NeoCoin/chain.go:129.25,131.4 1 0
github.com/Neo4717/NeoCoin/chain.go:132.3,132.61 1 1
github.com/Neo4717/NeoCoin/chain.go:132.61,134.4 1 0
github.com/Neo4717/NeoCoin/chain.go:137.2,137.25 1 1
github.com/Neo4717/NeoCoin/chain.go:137.25,139.17 2 1
github.com/Neo4717/NeoCoin/chain.go:139.17,141.4 1 0
github.com/Neo4717/NeoCoin/chain.go:142.3,142.59 1 1
github.com/Neo4717/NeoCoin/chain.go:142.59,144.4 1 0
github.com/Neo4717/NeoCoin/chain.go:145.3,146.41 2 1
github.com/Neo4717/NeoCoin/chain.go:147.8,148.86 1 0
github.com/Neo4717/NeoCoin/chain.go:148.86,150.4 1 0
github.com/Neo4717/NeoCoin/chain.go:153.2,153.25 1 1
github.com/Neo4717/NeoCoin/chain.go:153.25,155.3 1 0
github.com/Neo4717/NeoCoin/chain.go:156.2,157.16 2 1
github.com/Neo4717/NeoCoin/chain.go:157.16,159.3 1 0
github.com/Neo4717/NeoCoin/chain.go:160.2,160.59 1 1
github.com/Neo4717/NeoCoin/chain.go:160.59,162.3 1 0
github.com/Neo4717/NeoCoin/chain.go:162.8,162.15 1 1
github.com/Neo4717/NeoCoin/chain.go:162.15,163.40 1 0
github.com/Neo4717/NeoCoin/chain.go:163.40,165.4 1 0
github.com/Neo4717/NeoCoin/chain.go:166.8,167.59 1 1
github.com/Neo4717/NeoCoin/chain.go:167.59,169.4 1 0
github.com/Neo4717/NeoCoin/chain.go:172.2,172.50 1 1
github.com/Neo4717/NeoCoin/chain.go:172.50,174.3 1 0
github.com/Neo4717/NeoCoin/chain.go:175.2,176.16 2 1
github.com/Neo4717/NeoCoin/chain.go:179.45,182.34 3 0
github.com/Neo4717/NeoCoin/chain.go:182.34,184.3 1 0
github.com/Neo4717/NeoCoin/chain.go:185.2,185.44 1 0
github.com/Neo4717/NeoCoin/chain.go:188.52,192.2 3 0
github.com/Neo4717/NeoCoin/chain.go:194.44,198.2 3 0
github.com/Neo4717/NeoCoin/chain.go:200.48,203.29 3 0
github.com/Neo4717/NeoCoin/chain.go:203.29,205.3 1 0
github.com/Neo4717/NeoCoin/chain.go:206.2,206.43 1 0
github.com/Neo4717/NeoCoin/chain.go:209.67,212.38 3 1
github.com/Neo4717/NeoCoin/chain.go:212.38,214.3 1 0
github.com/Neo4717/NeoCoin/chain.go:215.2,215.37 1 1
github.com/Neo4717/NeoCoin/chain.go:218.46,222.30 4 0
github.com/Neo4717/NeoCoin/chain.go:222.30,224.3 1 0
github.com/Neo4717/NeoCoin/chain.go:225.2,225.14 1 0
github.com/Neo4717/NeoCoin/chain.go:228.63,233.2 4 0
github.com/Neo4717/NeoCoin/chain.go:235.44,239.32 4 0
github.com/Neo4717/NeoCoin/chain.go:239.32,241.3 1 0
github.com/Neo4717/NeoCoin/chain.go:242.2,242.14 1 0
github.com/Neo4717/NeoCoin/chain.go:245.108,247.35 1 0
github.com/Neo4717/NeoCoin/chain.go:247.35,249.3 1 0
github.com/Neo4717/NeoCoin/chain.go:250.2,250.44 1 0
github.com/Neo4717/NeoCoin/chain.go:253.78,257.15 4 0
github.com/Neo4717/NeoCoin/chain.go:257.15,259.43 2 0
github.com/Neo4717/NeoCoin/chain.go:259.43,261.4 1 0
github.com/Neo4717/NeoCoin/chain.go:264.2,269.32 6 0
github.com/Neo4717/NeoCoin/chain.go:269.32,271.3 1 0
github.com/Neo4717/NeoCoin/chain.go:273.2,274.31 2 0
github.com/Neo4717/NeoCoin/chain.go:274.31,275.28 1 0
github.com/Neo4717/NeoCoin/chain.go:275.28,277.4 1 0
github.com/Neo4717/NeoCoin/chain.go:278.3,278.22 1 0
github.com/Neo4717/NeoCoin/chain.go:278.22,280.4 1 0
github.com/Neo4717/NeoCoin/chain.go:281.3,281.31 1 0
github.com/Neo4717/NeoCoin/chain.go:281.31,283.4 1 0
github.com/Neo4717/NeoCoin/chain.go:284.3,284.69 1 0
github.com/Neo4717/NeoCoin/chain.go:284.69,286.4 1 0
github.com/Neo4717/NeoCoin/chain.go:287.3,287.22 1 0
github.com/Neo4717/NeoCoin/chain.go:287.22,289.4 1 0
github.com/Neo4717/NeoCoin/chain.go:290.3,290.17 1 0
github.com/Neo4717/NeoCoin/chain.go:293.2,297.17 5 0
github.com/Neo4717/NeoCoin/chain.go:297.17,299.3 1 0
github.com/Neo4717/NeoCoin/chain.go:300.2,323.16 8 0
github.com/Neo4717/NeoCoin/chain.go:323.16,325.3 1 0
github.com/Neo4717/NeoCoin/chain.go:326.2,329.76 3 0
github.com/Neo4717/NeoCoin/chain.go:329.76,331.3 1 0
github.com/Neo4717/NeoCoin/chain.go:332.2,332.59 1 0
github.com/Neo4717/NeoCoin/chain.go:332.59,334.3 1 0
github.com/Neo4717/NeoCoin/chain.go:335.2,340.29 6 0
github.com/Neo4717/NeoCoin/chain.go:340.29,342.3 1 0
github.com/Neo4717/NeoCoin/chain.go:343.2,356.22 4 0
github.com/Neo4717/NeoCoin/chain.go:359.42,364.22 5 0
github.com/Neo4717/NeoCoin/chain.go:364.22,366.3 1 0
github.com/Neo4717/NeoCoin/chain.go:367.2,367.27 1 0
github.com/Neo4717/NeoCoin/chain.go:367.27,368.13 1 0
github.com/Neo4717/NeoCoin/chain.go:368.13,369.45 1 0
github.com/Neo4717/NeoCoin/chain.go:369.45,371.5 1 0
github.com/Neo4717/NeoCoin/chain.go:372.4,372.56 1 0
github.com/Neo4717/NeoCoin/chain.go:372.56,374.5 1 0
github.com/Neo4717/NeoCoin/chain.go:375.9,377.33 2 0
github.com/Neo4717/NeoCoin/chain.go:377.33,379.5 1 0
github.com/Neo4717/NeoCoin/chain.go:380.4,380.47 1 0
github.com/Neo4717/NeoCoin/chain.go:380.47,382.5 1 0
github.com/Neo4717/NeoCoin/chain.go:383.4,383.66 1 0
github.com/Neo4717/NeoCoin/chain.go:383.66,385.5 1 0
github.com/Neo4717/NeoCoin/chain.go:386.4,386.34 1 0
github.com/Neo4717/NeoCoin/chain.go:386.34,388.37 2 0
github.com/Neo4717/NeoCoin/chain.go:388.37,390.6 1 0
github.com/Neo4717/NeoCoin/chain.go:392.4,392.63 1 0
github.com/Neo4717/NeoCoin/chain.go:392.63,394.5 1 0
github.com/Neo4717/NeoCoin/chain.go:396.3,396.68 1 0
github.com/Neo4717/NeoCoin/chain.go:396.68,398.4 1 0
github.com/Neo4717/NeoCoin/chain.go:399.3,400.17 2 0
github.com/Neo4717/NeoCoin/chain.go:400.17,402.4 1 0
github.com/Neo4717/NeoCoin/chain.go:403.3,403.10 1 0
github.com/Neo4717/NeoCoin/chain.go:403.10,405.4 1 0
github.com/Neo4717/NeoCoin/chain.go:407.3,407.37 1 0
github.com/Neo4717/NeoCoin/chain.go:407.37,408.23 1 0
github.com/Neo4717/NeoCoin/chain.go:408.23,410.5 1 0
github.com/Neo4717/NeoCoin/chain.go:411.4,411.69 1 0
github.com/Neo4717/NeoCoin/chain.go:411.69,413.5 1 0
github.com/Neo4717/NeoCoin/chain.go:417.2,417.28 1 0
github.com/Neo4717/NeoCoin/chain.go:423.149,442.16 5 0
github.com/Neo4717/NeoCoin/chain.go:442.16,444.3 1 0
github.com/Neo4717/NeoCoin/chain.go:445.2,447.21 3 0
github.com/Neo4717/NeoCoin/chain.go:450.46,454.2 3 0
github.com/Neo4717/NeoCoin/chain.go:456.52,458.30 2 1
github.com/Neo4717/NeoCoin/chain.go:458.30,459.70 1 1
github.com/Neo4717/NeoCoin/chain.go:459.70,461.4 1 0
github.com/Neo4717/NeoCoin/chain.go:463.2,463.12 1 1
github.com/Neo4717/NeoCoin/chain.go:482.75,486.9 4 0
github.com/Neo4717/NeoCoin/chain.go:486.9,488.3 1 0
github.com/Neo4717/NeoCoin/chain.go:489.2,489.59 1 0
github.com/Neo4717/NeoCoin/chain.go:489.59,491.3 1 0
github.com/Neo4717/NeoCoin/chain.go:492.2,493.38 2 0
github.com/Neo4717/NeoCoin/chain.go:493.38,495.3 1 0
github.com/Neo4717/NeoCoin/chain.go:496.2,496.52 1 0
github.com/Neo4717/NeoCoin/chain.go:496.52,498.3 1 0
github.com/Neo4717/NeoCoin/chain.go:499.2,499.45 1 0
github.com/Neo4717/NeoCoin/chain.go:502.56,503.23 1 1
github.com/Neo4717/NeoCoin/chain.go:503.23,505.3 1 0
github.com/Neo4717/NeoCoin/chain.go:506.2,507.36 2 1
github.com/Neo4717/NeoCoin/chain.go:507.36,509.28 1 1
github.com/Neo4717/NeoCoin/chain.go:509.28,510.12 1 1
github.com/Neo4717/NeoCoin/chain.go:512.3,513.17 2 0
github.com/Neo4717/NeoCoin/chain.go:513.17,514.12 1 0
github.com/Neo4717/NeoCoin/chain.go:516.3,516.83 1 0
github.com/Neo4717/NeoCoin/chain.go:520.63,521.28 1 1
github.com/Neo4717/NeoCoin/chain.go:521.28,523.3 1 0
github.com/Neo4717/NeoCoin/chain.go:524.2,525.36 2 1
github.com/Neo4717/NeoCoin/chain.go:525.36,526.28 1 1
github.com/Neo4717/NeoCoin/chain.go:526.28,527.12 1 1
github.com/Neo4717/NeoCoin/chain.go:529.3,530.17 2 0
github.com/Neo4717/NeoCoin/chain.go:530.17,531.12 1 0
github.com/Neo4717/NeoCoin/chain.go:533.3,534.17 2 0
github.com/Neo4717/NeoCoin/chain.go:534.17,535.12 1 0
github.com/Neo4717/NeoCoin/chain.go:537.3,551.27 3 0
github.com/Neo4717/NeoCoin/chain.go:551.27,553.4 1 0
github.com/Neo4717/NeoCoin/chain.go:557.45,559.30 2 1
github.com/Neo4717/NeoCoin/chain.go:559.30,561.3 1 1
github.com/Neo4717/NeoCoin/chain.go:564.52,566.30 2 1
github.com/Neo4717/NeoCoin/chain.go:566.30,568.3 1 1
github.com/Neo4717/NeoCoin/chain.go:573.103,576.28 3 0
github.com/Neo4717/NeoCoin/chain.go:576.28,578.3 1 0
github.com/Neo4717/NeoCoin/chain.go:579.2,580.19 2 0
github.com/Neo4717/NeoCoin/chain.go:580.19,582.3 1 0
github.com/Neo4717/NeoCoin/chain.go:583.2,583.16 1 0
github.com/Neo4717/NeoCoin/chain.go:583.16,585.3 1 0
github.com/Neo4717/NeoCoin/chain.go:586.2,586.17 1 0
github.com/Neo4717/NeoCoin/chain.go:586.17,588.3 1 0
github.com/Neo4717/NeoCoin/chain.go:589.2,589.16 1 0
github.com/Neo4717/NeoCoin/chain.go:589.16,591.3 1 0
github.com/Neo4717/NeoCoin/chain.go:592.2,593.15 2 0
github.com/Neo4717/NeoCoin/chain.go:593.15,595.3 1 0
github.com/Neo4717/NeoCoin/chain.go:596.2,598.33 3 0
github.com/Neo4717/NeoCoin/chain.go:598.33,601.3 2 0
github.com/Neo4717/NeoCoin/chain.go:602.2,604.30 3 0
github.com/Neo4717/NeoCoin/chain.go:607.85,608.24 1 1
github.com/Neo4717/NeoCoin/chain.go:608.24,610.17 2 1
github.com/Neo4717/NeoCoin/chain.go:610.17,612.4 1 0
github.com/Neo4717/NeoCoin/chain.go:613.3,613.36 1 1
github.com/Neo4717/NeoCoin/chain.go:613.36,615.4 1 0
github.com/Neo4717/NeoCoin/chain.go:617.2,617.30 1 1
github.com/Neo4717/NeoCoin/chain.go:617.30,619.3 1 0
github.com/Neo4717/NeoCoin/chain.go:621.2,621.42 1 1
github.com/Neo4717/NeoCoin/chain.go:621.42,623.3 1 0
github.com/Neo4717/NeoCoin/chain.go:627.2,627.18 1 1
github.com/Neo4717/NeoCoin/chain.go:627.18,628.57 1 0
github.com/Neo4717/NeoCoin/chain.go:628.57,630.4 1 0
github.com/Neo4717/NeoCoin/chain.go:631.3,632.41 2 0
github.com/Neo4717/NeoCoin/chain.go:632.41,633.29 1 0
github.com/Neo4717/NeoCoin/chain.go:633.29,634.13 1 0
github.com/Neo4717/NeoCoin/chain.go:636.4,636.18 1 0
github.com/Neo4717/NeoCoin/chain.go:638.3,639.37 2 0
github.com/Neo4717/NeoCoin/chain.go:639.37,641.4 1 0
github.com/Neo4717/NeoCoin/chain.go:642.3,644.28 3 0
github.com/Neo4717/NeoCoin/chain.go:644.28,646.4 1 0
github.com/Neo4717/NeoCoin/chain.go:649.2,649.36 1 1
github.com/Neo4717/NeoCoin/chain.go:649.36,650.18 1 1
github.com/Neo4717/NeoCoin/chain.go:651.19,652.14 1 1
github.com/Neo4717/NeoCoin/chain.go:652.14,654.5 1 0
github.com/Neo4717/NeoCoin/chain.go:655.4,655.61 1 1
github.com/Neo4717/NeoCoin/chain.go:655.61,657.5 1 0
github.com/Neo4717/NeoCoin/chain.go:658.4,660.30 3 1
github.com/Neo4717/NeoCoin/chain.go:661.19,662.61 1 0
github.com/Neo4717/NeoCoin/chain.go:662.61,664.5 1 0
github.com/Neo4717/NeoCoin/chain.go:665.4,666.18 2 0
github.com/Neo4717/NeoCoin/chain.go:666.18,668.5 1 0
github.com/Neo4717/NeoCoin/chain.go:669.4,671.32 2 0
github.com/Neo4717/NeoCoin/chain.go:671.32,673.5 1 0
github.com/Neo4717/NeoCoin/chain.go:674.4,675.33 2 0
github.com/Neo4717/NeoCoin/chain.go:675.33,677.5 1 0
github.com/Neo4717/NeoCoin/chain.go:678.4,684.28 6 0
github.com/Neo4717/NeoCoin/chain.go:685.11,686.53 1 0
github.com/Neo4717/NeoCoin/chain.go:689.2,689.12 1 1
github.com/Neo4717/NeoCoin/chain.go:694.95,695.14 1 0
github.com/Neo4717/NeoCoin/chain.go:695.14,697.3 1 0
github.com/Neo4717/NeoCoin/chain.go:699.2,701.29 3 0
github.com/Neo4717/NeoCoin/chain.go:701.29,703.3 1 0
github.com/Neo4717/NeoCoin/chain.go:704.2,713.28 7 0
github.com/Neo4717/NeoCoin/chain.go:713.28,714.25 1 0
github.com/Neo4717/NeoCoin/chain.go:714.25,715.9 1 0
github.com/Neo4717/NeoCoin/chain.go:717.3,718.28 2 0
github.com/Neo4717/NeoCoin/chain.go:718.28,719.12 1 0
github.com/Neo4717/NeoCoin/chain.go:721.3,721.22 1 0
github.com/Neo4717/NeoCoin/chain.go:721.22,723.4 1 0
github.com/Neo4717/NeoCoin/chain.go:724.3,724.73 1 0
github.com/Neo4717/NeoCoin/chain.go:724.73,725.12 1 0
github.com/Neo4717/NeoCoin/chain.go:727.3,728.17 2 0
github.com/Neo4717/NeoCoin/chain.go:728.17,729.12 1 0
github.com/Neo4717/NeoCoin/chain.go:731.3,732.31 2 0
github.com/Neo4717/NeoCoin/chain.go:732.31,733.12 1 0
github.com/Neo4717/NeoCoin/chain.go:735.3,736.32 2 0
github.com/Neo4717/NeoCoin/chain.go:736.32,737.12 1 0
github.com/Neo4717/NeoCoin/chain.go:741.3,750.43 8 0
github.com/Neo4717/NeoCoin/chain.go:753.2,753.31 1 0
github.com/Neo4717/NeoCoin/chain.go:756.52,757.28 1 1
github.com/Neo4717/NeoCoin/chain.go:757.28,759.3 1 0
github.com/Neo4717/NeoCoin/chain.go:760.2,760.30 1 1
github.com/Neo4717/NeoCoin/chain.go:760.30,762.3 1 1
github.com/Neo4717/NeoCoin/chain.go:763.2,767.30 5 1
github.com/Neo4717/NeoCoin/chain.go:767.30,769.3 1 1
github.com/Neo4717/NeoCoin/chain.go:772.50,773.22 1 1
github.com/Neo4717/NeoCoin/chain.go:773.22,775.3 1 0
github.com/Neo4717/NeoCoin/chain.go:776.2,776.49 1 1
github.com/Neo4717/NeoCoin/checkpoint.go:29.61,35.2 1 0
github.com/Neo4717/NeoCoin/checkpoint.go:37.64,41.2 3 0
github.com/Neo4717/NeoCoin/checkpoint.go:43.109,56.24 5 0
github.com/Neo4717/NeoCoin/checkpoint.go:56.24,58.3 1 0
github.com/Neo4717/NeoCoin/checkpoint.go:60.2,60.11 1 0
github.com/Neo4717/NeoCoin/checkpoint.go:63.59,68.12 4 0
github.com/Neo4717/NeoCoin/checkpoint.go:68.12,69.45 1 0
github.com/Neo4717/NeoCoin/checkpoint.go:69.45,71.4 1 0
github.com/Neo4717/NeoCoin/checkpoint.go:72.8,74.3 1 0
github.com/Neo4717/NeoCoin/checkpoint.go:76.2,76.27 1 0
github.com/Neo4717/NeoCoin/checkpoint.go:76.27,78.3 1 0
github.com/Neo4717/NeoCoin/checkpoint.go:81.78,87.2 4 0
github.com/Neo4717/NeoCoin/checkpoint.go:89.73,94.9 4 0
github.com/Neo4717/NeoCoin/checkpoint.go:94.9,96.3 1 0
github.com/Neo4717/NeoCoin/checkpoint.go:97.2,97.22 1 0
github.com/Neo4717/NeoCoin/checkpoint.go:100.68,101.20 1 0
github.com/Neo4717/NeoCoin/checkpoint.go:101.20,103.3 1 0
github.com/Neo4717/NeoCoin/checkpoint.go:105.2,109.47 4 0
github.com/Neo4717/NeoCoin/checkpoint.go:109.47,110.55 1 0
github.com/Neo4717/NeoCoin/checkpoint.go:110.55,112.4 1 0
github.com/Neo4717/NeoCoin/checkpoint.go:113.3,113.29 1 0
github.com/Neo4717/NeoCoin/checkpoint.go:113.29,115.4 1 0
github.com/Neo4717/NeoCoin/checkpoint.go:120.2,121.13 2 0
github.com/Neo4717/NeoCoin/checkpoint.go:121.13,123.3 1 0
github.com/Neo4717/NeoCoin/checkpoint.go:125.2,127.13 3 0
github.com/Neo4717/NeoCoin/checkpoint.go:127.13,129.3 1 0
github.com/Neo4717/NeoCoin/checkpoint.go:131.2,131.12 1 0
github.com/Neo4717/NeoCoin/checkpoint.go:134.61,138.24 3 0
github.com/Neo4717/NeoCoin/checkpoint.go:138.24,140.3 1 0
github.com/Neo4717/NeoCoin/checkpoint.go:142.2,143.29 2 0
github.com/Neo4717/NeoCoin/checkpoint.go:143.29,145.3 1 0
github.com/Neo4717/NeoCoin/checkpoint.go:147.2,148.15 2 0
github.com/Neo4717/NeoCoin/checkpoint.go:151.57,155.20 3 0
github.com/Neo4717/NeoCoin/checkpoint.go:155.20,157.3 1 0
github.com/Neo4717/NeoCoin/checkpoint.go:159.2,159.48 1 0
github.com/Neo4717/NeoCoin/checkpoint.go:162.64,167.32 4 0
github.com/Neo4717/NeoCoin/checkpoint.go:167.32,169.3 1 0
github.com/Neo4717/NeoCoin/checkpoint.go:171.2,171.31 1 0
github.com/Neo4717/NeoCoin/checkpoint.go:171.31,173.3 1 0
github.com/Neo4717/NeoCoin/checkpoint.go:175.2,175.53 1 0
github.com/Neo4717/NeoCoin/checkpoint.go:175.53,177.3 1 0
github.com/Neo4717/NeoCoin/checkpoint.go:186.59,191.36 4 0
github.com/Neo4717/NeoCoin/checkpoint.go:191.36,193.3 1 0
github.com/Neo4717/NeoCoin/checkpoint.go:195.2,199.4 1 0
github.com/Neo4717/NeoCoin/checkpoint.go:202.60,211.42 7 0
github.com/Neo4717/NeoCoin/checkpoint.go:211.42,212.38 1 0
github.com/Neo4717/NeoCoin/checkpoint.go:212.38,222.4 9 0
github.com/Neo4717/NeoCoin/checkpoint.go:225.2,225.18 1 0
github.com/Neo4717/NeoCoin/checkpoint.go:228.61,229.19 1 0
github.com/Neo4717/NeoCoin/checkpoint.go:229.19,231.3 1 0
github.com/Neo4717/NeoCoin/checkpoint.go:233.2,239.25 5 0
github.com/Neo4717/NeoCoin/checkpoint.go:239.25,240.28 1 0
github.com/Neo4717/NeoCoin/checkpoint.go:240.28,241.9 1 0
github.com/Neo4717/NeoCoin/checkpoint.go:244.3,248.33 4 0
github.com/Neo4717/NeoCoin/checkpoint.go:248.33,249.9 1 0
github.com/Neo4717/NeoCoin/checkpoint.go:251.3,255.27 4 0
github.com/Neo4717/NeoCoin/checkpoint.go:255.27,256.9 1 0
github.com/Neo4717/NeoCoin/checkpoint.go:258.3,261.39 3 0
github.com/Neo4717/NeoCoin/checkpoint.go:261.39,262.9 1 0
github.com/Neo4717/NeoCoin/checkpoint.go:264.3,272.4 3 0
github.com/Neo4717/NeoCoin/checkpoint.go:275.2,275.12 1 0
github.com/Neo4717/NeoCoin/cli.go:19.34,20.20 1 0
github.com/Neo4717/NeoCoin/cli.go:20.20,22.3 1 0
github.com/Neo4717/NeoCoin/cli.go:24.2,24.17 1 0
github.com/Neo4717/NeoCoin/cli.go:25.23,27.17 2 0
github.com/Neo4717/NeoCoin/cli.go:27.17,29.4 1 0
github.com/Neo4717/NeoCoin/cli.go:30.3,37.13 4 0
github.com/Neo4717/NeoCoin/cli.go:39.25,41.20 1 0
github.com/Neo4717/NeoCoin/cli.go:41.20,43.4 1 0
github.com/Neo4717/NeoCoin/cli.go:44.3,45.21 2 0
github.com/Neo4717/NeoCoin/cli.go:45.21,47.4 1 0
github.com/Neo4717/NeoCoin/cli.go:48.3,49.17 2 0
github.com/Neo4717/NeoCoin/cli.go:49.17,51.4 1 0
github.com/Neo4717/NeoCoin/cli.go:52.3,53.17 2 0
github.com/Neo4717/NeoCoin/cli.go:53.17,55.4 1 0
github.com/Neo4717/NeoCoin/cli.go:56.3,56.82 1 0
github.com/Neo4717/NeoCoin/cli.go:56.82,58.4 1 0
github.com/Neo4717/NeoCoin/cli.go:59.3,65.13 4 0
github.com/Neo4717/NeoCoin/cli.go:67.23,69.20 1 0
github.com/Neo4717/NeoCoin/cli.go:69.20,71.4 1 0
github.com/Neo4717/NeoCoin/cli.go:72.3,73.17 2 0
github.com/Neo4717/NeoCoin/cli.go:73.17,75.4 1 0
github.com/Neo4717/NeoCoin/cli.go:76.3,84.13 3 0
github.com/Neo4717/NeoCoin/cli.go:86.21,87.20 1 0
github.com/Neo4717/NeoCoin/cli.go:87.20,89.4 1 0
github.com/Neo4717/NeoCoin/cli.go:90.3,91.40 2 0
github.com/Neo4717/NeoCoin/cli.go:93.17,95.20 1 0
github.com/Neo4717/NeoCoin/cli.go:95.20,97.4 1 0
github.com/Neo4717/NeoCoin/cli.go:98.3,101.17 4 0
github.com/Neo4717/NeoCoin/cli.go:101.17,103.4 1 0
github.com/Neo4717/NeoCoin/cli.go:104.3,105.38 2 0
github.com/Neo4717/NeoCoin/cli.go:105.38,107.18 2 0
github.com/Neo4717/NeoCoin/cli.go:107.18,109.5 1 0
github.com/Neo4717/NeoCoin/cli.go:111.3,112.38 2 0
github.com/Neo4717/NeoCoin/cli.go:112.38,114.18 2 0
github.com/Neo4717/NeoCoin/cli.go:114.18,116.5 1 0
github.com/Neo4717/NeoCoin/cli.go:118.3,119.21 2 0
github.com/Neo4717/NeoCoin/cli.go:119.21,121.4 1 0
github.com/Neo4717/NeoCoin/cli.go:122.3,123.66 2 0
github.com/Neo4717/NeoCoin/cli.go:125.26,127.20 1 0
github.com/Neo4717/NeoCoin/cli.go:127.20,129.4 1 0
github.com/Neo4717/NeoCoin/cli.go:130.3,133.17 4 0
github.com/Neo4717/NeoCoin/cli.go:133.17,135.4 1 0
github.com/Neo4717/NeoCoin/cli.go:136.3,137.38 2 0
github.com/Neo4717/NeoCoin/cli.go:137.38,139.18 2 0
github.com/Neo4717/NeoCoin/cli.go:139.18,141.5 1 0
github.com/Neo4717/NeoCoin/cli.go:143.3,144.38 2 0
github.com/Neo4717/NeoCoin/cli.go:144.38,146.18 2 0
github.com/Neo4717/NeoCoin/cli.go:146.18,148.5 1 0
github.com/Neo4717/NeoCoin/cli.go:150.3,151.21 2 0
github.com/Neo4717/NeoCoin/cli.go:151.21,153.4 1 0
github.com/Neo4717/NeoCoin/cli.go:154.3,156.38 3 0
github.com/Neo4717/NeoCoin/cli.go:156.38,158.4 1 0
github.com/Neo4717/NeoCoin/cli.go:159.3,160.17 2 0
github.com/Neo4717/NeoCoin/cli.go:160.17,162.4 1 0
github.com/Neo4717/NeoCoin/cli.go:163.3,163.79 1 0
github.com/Neo4717/NeoCoin/cli.go:165.14,167.20 1 0
github.com/Neo4717/NeoCoin/cli.go:167.20,169.4 1 0
github.com/Neo4717/NeoCoin/cli.go:170.3,173.17 4 0
github.com/Neo4717/NeoCoin/cli.go:173.17,175.4 1 0
github.com/Neo4717/NeoCoin/cli.go:176.3,177.38 2 0
github.com/Neo4717/NeoCoin/cli.go:177.38,179.18 2 0
github.com/Neo4717/NeoCoin/cli.go:179.18,181.5 1 0
github.com/Neo4717/NeoCoin/cli.go:183.3,184.38 2 0
github.com/Neo4717/NeoCoin/cli.go:184.38,186.18 2 0
github.com/Neo4717/NeoCoin/cli.go:186.18,188.5 1 0
github.com/Neo4717/NeoCoin/cli.go:190.3,191.21 2 0
github.com/Neo4717/NeoCoin/cli.go:191.21,193.4 1 0
github.com/Neo4717/NeoCoin/cli.go:194.3,196.64 2 0
github.com/Neo4717/NeoCoin/cli.go:198.23,200.20 1 0
github.com/Neo4717/NeoCoin/cli.go:200.20,202.4 1 0
github.com/Neo4717/NeoCoin/cli.go:203.3,206.17 4 0
github.com/Neo4717/NeoCoin/cli.go:206.17,208.4 1 0
github.com/Neo4717/NeoCoin/cli.go:209.3,210.38 2 0
github.com/Neo4717/NeoCoin/cli.go:210.38,212.18 2 0
github.com/Neo4717/NeoCoin/cli.go:212.18,214.5 1 0
github.com/Neo4717/NeoCoin/cli.go:216.3,217.38 2 0
github.com/Neo4717/NeoCoin/cli.go:217.38,219.18 2 0
github.com/Neo4717/NeoCoin/cli.go:219.18,221.5 1 0
github.com/Neo4717/NeoCoin/cli.go:223.3,224.21 2 0
github.com/Neo4717/NeoCoin/cli.go:224.21,226.4 1 0
github.com/Neo4717/NeoCoin/cli.go:227.3,229.38 3 0
github.com/Neo4717/NeoCoin/cli.go:229.38,231.4 1 0
github.com/Neo4717/NeoCoin/cli.go:232.3,233.17 2 0
github.com/Neo4717/NeoCoin/cli.go:233.17,235.4 1 0
github.com/Neo4717/NeoCoin/cli.go:237.3,237.77 1 0
github.com/Neo4717/NeoCoin/cli.go:239.21,241.31 2 0
github.com/Neo4717/NeoCoin/cli.go:243.20,245.30 2 0
github.com/Neo4717/NeoCoin/cli.go:247.17,249.28 2 0
github.com/Neo4717/NeoCoin/cli.go:251.12,252.20 1 0
github.com/Neo4717/NeoCoin/cli.go:252.20,254.4 1 0
github.com/Neo4717/NeoCoin/cli.go:255.3,256.32 2 0
github.com/Neo4717/NeoCoin/cli.go:258.22,259.20 1 0
github.com/Neo4717/NeoCoin/cli.go:259.20,261.4 1 0
github.com/Neo4717/NeoCoin/cli.go:262.3,264.17 3 0
github.com/Neo4717/NeoCoin/cli.go:264.17,266.4 1 0
github.com/Neo4717/NeoCoin/cli.go:267.3,267.37 1 0
github.com/Neo4717/NeoCoin/cli.go:269.20,270.20 1 0
github.com/Neo4717/NeoCoin/cli.go:270.20,272.4 1 0
github.com/Neo4717/NeoCoin/cli.go:273.3,274.41 2 0
github.com/Neo4717/NeoCoin/cli.go:276.10,277.52 1 0
github.com/Neo4717/NeoCoin/cli.go:281.48,282.61 1 0
github.com/Neo4717/NeoCoin/cli.go:282.61,284.3 1 0
github.com/Neo4717/NeoCoin/cli.go:285.2,285.25 1 0
github.com/Neo4717/NeoCoin/cli.go:288.32,290.2 1 0
github.com/Neo4717/NeoCoin/cli.go:292.57,293.53 1 0
github.com/Neo4717/NeoCoin/cli.go:293.53,295.3 1 0
github.com/Neo4717/NeoCoin/cli.go:296.2,297.15 2 0
github.com/Neo4717/NeoCoin/cli.go:297.15,299.3 1 0
github.com/Neo4717/NeoCoin/cli.go:300.2,300.56 1 0
github.com/Neo4717/NeoCoin/cli.go:303.38,305.17 2 0
github.com/Neo4717/NeoCoin/cli.go:305.17,307.3 1 0
github.com/Neo4717/NeoCoin/cli.go:308.2,308.50 1 0
github.com/Neo4717/NeoCoin/cli.go:311.50,315.16 4 0
github.com/Neo4717/NeoCoin/cli.go:315.16,317.3 1 0
github.com/Neo4717/NeoCoin/cli.go:318.2,320.44 3 0
github.com/Neo4717/NeoCoin/cli.go:320.44,322.3 1 0
github.com/Neo4717/NeoCoin/cli.go:323.2,324.12 2 0
github.com/Neo4717/NeoCoin/cli.go:327.41,332.16 5 0
github.com/Neo4717/NeoCoin/cli.go:332.16,334.3 1 0
github.com/Neo4717/NeoCoin/cli.go:335.2,337.44 3 0
github.com/Neo4717/NeoCoin/cli.go:337.44,339.3 1 0
github.com/Neo4717/NeoCoin/cli.go:340.2,341.12 2 0
github.com/Neo4717/NeoCoin/cli.go:344.40,348.16 4 0
github.com/Neo4717/NeoCoin/cli.go:348.16,350.3 1 0
github.com/Neo4717/NeoCoin/cli.go:351.2,353.44 3 0
github.com/Neo4717/NeoCoin/cli.go:353.44,355.3 1 0
github.com/Neo4717/NeoCoin/cli.go:356.2,357.12 2 0
github.com/Neo4717/NeoCoin/cli.go:360.38,364.16 4 0
github.com/Neo4717/NeoCoin/cli.go:364.16,366.3 1 0
github.com/Neo4717/NeoCoin/cli.go:367.2,369.44 3 0
github.com/Neo4717/NeoCoin/cli.go:369.44,371.3 1 0
github.com/Neo4717/NeoCoin/cli.go:372.2,373.12 2 0
github.com/Neo4717/NeoCoin/cli.go:376.88,378.16 2 0
github.com/Neo4717/NeoCoin/cli.go:378.16,380.3 1 0
github.com/Neo4717/NeoCoin/cli.go:382.2,387.16 6 0
github.com/Neo4717/NeoCoin/cli.go:387.16,389.3 1 0
github.com/Neo4717/NeoCoin/cli.go:390.2,392.46 3 0
github.com/Neo4717/NeoCoin/cli.go:392.46,394.3 1 0
github.com/Neo4717/NeoCoin/cli.go:395.2,396.12 2 0
github.com/Neo4717/NeoCoin/cli.go:399.90,401.16 2 0
github.com/Neo4717/NeoCoin/cli.go:401.16,403.3 1 0
github.com/Neo4717/NeoCoin/cli.go:404.2,406.12 3 0
github.com/Neo4717/NeoCoin/cli.go:409.118,411.16 2 0
github.com/Neo4717/NeoCoin/cli.go:411.16,413.3 1 0
github.com/Neo4717/NeoCoin/cli.go:414.2,414.81 1 0
github.com/Neo4717/NeoCoin/cli.go:417.137,418.14 1 0
github.com/Neo4717/NeoCoin/cli.go:418.14,420.3 1 0
github.com/Neo4717/NeoCoin/cli.go:422.2,423.16 2 0
github.com/Neo4717/NeoCoin/cli.go:423.16,425.3 1 0
github.com/Neo4717/NeoCoin/cli.go:426.2,429.16 2 0
github.com/Neo4717/NeoCoin/cli.go:429.16,431.17 2 0
github.com/Neo4717/NeoCoin/cli.go:431.17,433.4 1 0
github.com/Neo4717/NeoCoin/cli.go:434.3,434.25 1 0
github.com/Neo4717/NeoCoin/cli.go:437.2,453.16 5 0
github.com/Neo4717/NeoCoin/cli.go:453.16,455.3 1 0
github.com/Neo4717/NeoCoin/cli.go:456.2,458.17 2 0
github.com/Neo4717/NeoCoin/cli.go:468.60,469.64 1 0
github.com/Neo4717/NeoCoin/cli.go:469.64,471.28 2 0
github.com/Neo4717/NeoCoin/cli.go:471.28,473.4 1 0
github.com/Neo4717/NeoCoin/cli.go:474.3,474.42 1 0
github.com/Neo4717/NeoCoin/cli.go:477.2,477.37 1 0
github.com/Neo4717/NeoCoin/cli.go:477.37,479.3 1 0
github.com/Neo4717/NeoCoin/cli.go:481.2,484.16 4 0
github.com/Neo4717/NeoCoin/cli.go:484.16,486.3 1 0
github.com/Neo4717/NeoCoin/cli.go:487.2,489.47 3 0
github.com/Neo4717/NeoCoin/cli.go:489.47,491.3 1 0
github.com/Neo4717/NeoCoin/cli.go:492.2,493.74 2 0
github.com/Neo4717/NeoCoin/cli.go:493.74,495.3 1 0
github.com/Neo4717/NeoCoin/cli.go:496.2,496.20 1 0
github.com/Neo4717/NeoCoin/cli.go:496.20,498.3 1 0
github.com/Neo4717/NeoCoin/cli.go:499.2,499.16 1 0
github.com/Neo4717/NeoCoin/cli.go:503.54,505.16 2 0
github.com/Neo4717/NeoCoin/cli.go:505.16,507.3 1 0
github.com/Neo4717/NeoCoin/cli.go:508.2,508.26 1 0
github.com/Neo4717/NeoCoin/cli.go:517.65,521.16 4 0
github.com/Neo4717/NeoCoin/cli.go:521.16,523.3 1 0
github.com/Neo4717/NeoCoin/cli.go:524.2,526.47 3 0
github.com/Neo4717/NeoCoin/cli.go:526.47,528.3 1 0
github.com/Neo4717/NeoCoin/cli.go:529.2,530.74 2 0
github.com/Neo4717/NeoCoin/cli.go:530.74,532.3 1 0
github.com/Neo4717/NeoCoin/cli.go:533.2,533.16 1 0
github.com/Neo4717/NeoCoin/cli.go:536.107,538.16 2 0
github.com/Neo4717/NeoCoin/cli.go:538.16,540.3 1 0
github.com/Neo4717/NeoCoin/cli.go:541.2,542.16 2 0
github.com/Neo4717/NeoCoin/cli.go:542.16,544.3 1 0
github.com/Neo4717/NeoCoin/cli.go:545.2,547.12 3 0
github.com/Neo4717/NeoCoin/cli.go:550.105,552.16 2 0
github.com/Neo4717/NeoCoin/cli.go:552.16,554.3 1 0
github.com/Neo4717/NeoCoin/cli.go:555.2,556.16 2 0
github.com/Neo4717/NeoCoin/cli.go:556.16,558.3 1 0
github.com/Neo4717/NeoCoin/cli.go:560.2,565.16 6 0
github.com/Neo4717/NeoCoin/cli.go:565.16,567.3 1 0
github.com/Neo4717/NeoCoin/cli.go:568.2,570.46 3 0
github.com/Neo4717/NeoCoin/cli.go:570.46,572.3 1 0
github.com/Neo4717/NeoCoin/cli.go:573.2,574.12 2 0
github.com/Neo4717/NeoCoin/cli.go:577.39,581.16 4 0
github.com/Neo4717/NeoCoin/cli.go:581.16,583.3 1 0
github.com/Neo4717/NeoCoin/cli.go:584.2,586.44 3 0
github.com/Neo4717/NeoCoin/cli.go:586.44,588.3 1 0
github.com/Neo4717/NeoCoin/cli.go:589.2,590.12 2 0
github.com/Neo4717/NeoCoin/cli.go:593.59,597.16 4 0
github.com/Neo4717/NeoCoin/cli.go:597.16,599.3 1 0
github.com/Neo4717/NeoCoin/cli.go:600.2,602.44 3 0
github.com/Neo4717/NeoCoin/cli.go:602.44,604.3 1 0
github.com/Neo4717/NeoCoin/cli.go:605.2,606.12 2 0
github.com/Neo4717/NeoCoin/cli.go:609.51,613.16 4 0
github.com/Neo4717/NeoCoin/cli.go:613.16,615.3 1 0
github.com/Neo4717/NeoCoin/cli.go:616.2,618.44 3 0
github.com/Neo4717/NeoCoin/cli.go:618.44,620.3 1 0
github.com/Neo4717/NeoCoin/cli.go:621.2,622.12 2 0
github.com/Neo4717/NeoCoin/cli.go:625.14,642.2 16 0
github.com/Neo4717/NeoCoin/contract_analyzer.go:39.46,136.2 2 0
github.com/Neo4717/NeoCoin/contract_analyzer.go:138.64,147.16 2 0
github.com/Neo4717/NeoCoin/contract_analyzer.go:147.16,150.3 2 0
github.com/Neo4717/NeoCoin/contract_analyzer.go:152.2,153.50 2 0
github.com/Neo4717/NeoCoin/contract_analyzer.go:153.50,154.57 1 0
github.com/Neo4717/NeoCoin/contract_analyzer.go:154.57,156.4 1 0
github.com/Neo4717/NeoCoin/contract_analyzer.go:159.2,159.31 1 0
github.com/Neo4717/NeoCoin/contract_analyzer.go:159.31,161.23 2 0
github.com/Neo4717/NeoCoin/contract_analyzer.go:161.23,170.25 3 0
github.com/Neo4717/NeoCoin/contract_analyzer.go:171.20,173.25 2 0
github.com/Neo4717/NeoCoin/contract_analyzer.go:174.16,175.23 1 0
github.com/Neo4717/NeoCoin/contract_analyzer.go:176.18,177.23 1 0
github.com/Neo4717/NeoCoin/contract_analyzer.go:178.15,179.22 1 0
github.com/Neo4717/NeoCoin/contract_analyzer.go:184.2,184.22 1 0
github.com/Neo4717/NeoCoin/contract_analyzer.go:184.22,186.3 1 0
github.com/Neo4717/NeoCoin/contract_analyzer.go:188.2,188.24 1 0
github.com/Neo4717/NeoCoin/contract_analyzer.go:188.24,190.3 1 0
github.com/Neo4717/NeoCoin/contract_analyzer.go:190.8,190.31 1 0
github.com/Neo4717/NeoCoin/contract_analyzer.go:190.31,196.3 2 0
github.com/Neo4717/NeoCoin/contract_analyzer.go:198.2,200.15 2 0
github.com/Neo4717/NeoCoin/contract_analyzer.go:203.77,210.31 5 0
github.com/Neo4717/NeoCoin/contract_analyzer.go:210.31,211.21 1 0
github.com/Neo4717/NeoCoin/contract_analyzer.go:212.21,213.24 1 0
github.com/Neo4717/NeoCoin/contract_analyzer.go:214.23,215.26 1 0
github.com/Neo4717/NeoCoin/contract_analyzer.go:216.24,217.26 1 0
github.com/Neo4717/NeoCoin/contract_analyzer.go:221.2,221.19 1 0
github.com/Neo4717/NeoCoin/contract_analyzer.go:221.19,227.3 1 0
github.com/Neo4717/NeoCoin/contract_analyzer.go:229.2,229.21 1 0
github.com/Neo4717/NeoCoin/contract_analyzer.go:229.21,235.3 1 0
github.com/Neo4717/NeoCoin/contract_analyzer.go:237.2,237.21 1 0
github.com/Neo4717/NeoCoin/contract_analyzer.go:237.21,243.3 1 0
github.com/Neo4717/NeoCoin/contract_analyzer.go:245.2,245.31 1 0
github.com/Neo4717/NeoCoin/contract_analyzer.go:245.31,247.3 1 0
github.com/Neo4717/NeoCoin/contract_analyzer.go:249.2,249.24 1 0
github.com/Neo4717/NeoCoin/contract_analyzer.go:252.78,254.16 2 0
github.com/Neo4717/NeoCoin/contract_analyzer.go:254.16,262.3 1 0
github.com/Neo4717/NeoCoin/contract_analyzer.go:264.2,264.24 1 0
github.com/Neo4717/NeoCoin/difficulty.go:42.54,66.28 2 1
github.com/Neo4717/NeoCoin/difficulty.go:66.28,68.3 1 0
github.com/Neo4717/NeoCoin/difficulty.go:69.2,69.29 1 1
github.com/Neo4717/NeoCoin/difficulty.go:69.29,71.3 1 0
github.com/Neo4717/NeoCoin/difficulty.go:72.2,72.30 1 1
github.com/Neo4717/NeoCoin/difficulty.go:72.30,74.3 1 0
github.com/Neo4717/NeoCoin/difficulty.go:75.2,75.30 1 1
github.com/Neo4717/NeoCoin/difficulty.go:75.30,77.3 1 0
github.com/Neo4717/NeoCoin/difficulty.go:78.2,78.30 1 1
github.com/Neo4717/NeoCoin/difficulty.go:78.30,80.3 1 0
github.com/Neo4717/NeoCoin/difficulty.go:81.2,81.45 1 1
github.com/Neo4717/NeoCoin/difficulty.go:81.45,83.3 1 0
github.com/Neo4717/NeoCoin/difficulty.go:84.2,84.47 1 1
github.com/Neo4717/NeoCoin/difficulty.go:84.47,86.3 1 0
github.com/Neo4717/NeoCoin/difficulty.go:87.2,87.51 1 1
github.com/Neo4717/NeoCoin/difficulty.go:87.51,89.3 1 0
github.com/Neo4717/NeoCoin/difficulty.go:90.2,90.51 1 1
github.com/Neo4717/NeoCoin/difficulty.go:90.51,92.3 1 0
github.com/Neo4717/NeoCoin/difficulty.go:93.2,93.33 1 1
github.com/Neo4717/NeoCoin/difficulty.go:93.33,95.3 1 0
github.com/Neo4717/NeoCoin/difficulty.go:96.2,96.25 1 1
github.com/Neo4717/NeoCoin/difficulty.go:96.25,98.3 1 0
github.com/Neo4717/NeoCoin/difficulty.go:99.2,99.25 1 1
github.com/Neo4717/NeoCoin/difficulty.go:99.25,101.3 1 0
github.com/Neo4717/NeoCoin/difficulty.go:102.2,102.10 1 1
github.com/Neo4717/NeoCoin/difficulty.go:105.67,107.2 1 1
github.com/Neo4717/NeoCoin/difficulty.go:109.51,113.2 3 0
github.com/Neo4717/NeoCoin/difficulty.go:115.74,116.20 1 0
github.com/Neo4717/NeoCoin/difficulty.go:116.20,118.3 1 0
github.com/Neo4717/NeoCoin/difficulty.go:119.2,122.25 3 0
github.com/Neo4717/NeoCoin/difficulty.go:122.25,123.33 1 0
github.com/Neo4717/NeoCoin/difficulty.go:123.33,125.4 1 0
github.com/Neo4717/NeoCoin/difficulty.go:126.3,126.55 1 0
github.com/Neo4717/NeoCoin/difficulty.go:130.2,130.36 1 0
github.com/Neo4717/NeoCoin/difficulty.go:130.36,132.3 1 0
github.com/Neo4717/NeoCoin/difficulty.go:134.2,136.24 3 0
github.com/Neo4717/NeoCoin/difficulty.go:136.24,138.3 1 0
github.com/Neo4717/NeoCoin/difficulty.go:140.2,141.20 2 0
github.com/Neo4717/NeoCoin/difficulty.go:141.20,143.3 1 0
github.com/Neo4717/NeoCoin/difficulty.go:144.2,145.26 2 0
github.com/Neo4717/NeoCoin/difficulty.go:145.26,147.3 1 0
github.com/Neo4717/NeoCoin/difficulty.go:149.2,149.39 1 0
github.com/Neo4717/NeoCoin/difficulty.go:149.39,151.3 1 0
github.com/Neo4717/NeoCoin/difficulty.go:152.2,152.39 1 0
github.com/Neo4717/NeoCoin/difficulty.go:152.39,154.3 1 0
github.com/Neo4717/NeoCoin/difficulty.go:156.2,157.39 2 0
github.com/Neo4717/NeoCoin/difficulty.go:157.39,159.3 1 0
github.com/Neo4717/NeoCoin/difficulty.go:159.8,159.46 1 0
github.com/Neo4717/NeoCoin/difficulty.go:159.46,161.3 1 0
github.com/Neo4717/NeoCoin/difficulty.go:163.2,163.14 1 0
github.com/Neo4717/NeoCoin/difficulty.go:163.14,165.3 1 0
github.com/Neo4717/NeoCoin/difficulty.go:166.2,166.45 1 0
github.com/Neo4717/NeoCoin/difficulty.go:169.92,170.34 1 0
github.com/Neo4717/NeoCoin/difficulty.go:170.34,172.3 1 0
github.com/Neo4717/NeoCoin/difficulty.go:174.2,175.50 2 0
github.com/Neo4717/NeoCoin/difficulty.go:178.65,179.14 1 0
github.com/Neo4717/NeoCoin/difficulty.go:179.14,181.3 1 0
github.com/Neo4717/NeoCoin/difficulty.go:182.2,182.30 1 0
github.com/Neo4717/NeoCoin/difficulty.go:182.30,184.3 1 0
github.com/Neo4717/NeoCoin/difficulty.go:185.2,185.32 1 0
github.com/Neo4717/NeoCoin/difficulty.go:185.32,187.3 1 0
github.com/Neo4717/NeoCoin/difficulty.go:188.2,188.32 1 0
github.com/Neo4717/NeoCoin/difficulty.go:188.32,190.3 1 0
github.com/Neo4717/NeoCoin/difficulty.go:191.2,191.13 1 0
github.com/Neo4717/NeoCoin/dns_seeds.go:26.54,31.79 1 1
github.com/Neo4717/NeoCoin/dns_seeds.go:31.79,34.5 2 0
github.com/Neo4717/NeoCoin/dns_seeds.go:39.2,39.26 1 1
github.com/Neo4717/NeoCoin/dns_seeds.go:39.26,41.45 2 1
github.com/Neo4717/NeoCoin/dns_seeds.go:41.45,45.4 3 0
github.com/Neo4717/NeoCoin/dns_seeds.go:45.9,47.59 2 1
github.com/Neo4717/NeoCoin/dns_seeds.go:47.59,50.5 2 1
github.com/Neo4717/NeoCoin/dns_seeds.go:50.10,53.5 2 0
github.com/Neo4717/NeoCoin/dns_seeds.go:55.3,55.36 1 1
github.com/Neo4717/NeoCoin/dns_seeds.go:58.2,58.11 1 1
github.com/Neo4717/NeoCoin/dns_seeds.go:61.46,65.2 3 0
github.com/Neo4717/NeoCoin/dns_seeds.go:67.59,69.36 1 0
github.com/Neo4717/NeoCoin/dns_seeds.go:69.36,71.3 1 0
github.com/Neo4717/NeoCoin/dns_seeds.go:74.2,74.12 1 0
github.com/Neo4717/NeoCoin/dns_seeds.go:74.12,78.7 3 0
github.com/Neo4717/NeoCoin/dns_seeds.go:78.7,79.11 1 0
github.com/Neo4717/NeoCoin/dns_seeds.go:80.22,81.11 1 0
github.com/Neo4717/NeoCoin/dns_seeds.go:82.20,83.16 1 0
github.com/Neo4717/NeoCoin/dns_seeds.go:88.2,88.12 1 0
github.com/Neo4717/NeoCoin/dns_seeds.go:91.41,94.32 2 0
github.com/Neo4717/NeoCoin/dns_seeds.go:94.32,95.27 1 0
github.com/Neo4717/NeoCoin/dns_seeds.go:95.27,98.12 2 0
github.com/Neo4717/NeoCoin/dns_seeds.go:102.3,103.17 2 0
github.com/Neo4717/NeoCoin/dns_seeds.go:103.17,104.12 1 0
github.com/Neo4717/NeoCoin/dns_seeds.go:107.3,107.26 1 0
github.com/Neo4717/NeoCoin/dns_seeds.go:107.26,109.4 1 0
github.com/Neo4717/NeoCoin/dns_seeds.go:112.2,116.12 4 0
github.com/Neo4717/NeoCoin/dns_seeds.go:120.30,122.66 1 1
github.com/Neo4717/NeoCoin/dns_seeds.go:122.66,129.43 2 1
github.com/Neo4717/NeoCoin/dns_seeds.go:129.43,131.35 2 1
github.com/Neo4717/NeoCoin/dns_seeds.go:131.35,133.5 1 1
github.com/Neo4717/NeoCoin/dns_seeds.go:134.4,134.16 1 1
github.com/Neo4717/NeoCoin/dns_seeds.go:139.2,139.56 1 0
github.com/Neo4717/NeoCoin/dns_seeds.go:139.56,141.3 1 0
github.com/Neo4717/NeoCoin/dns_seeds.go:144.2,144.12 1 0
github.com/Neo4717/NeoCoin/encoding_bin.go:18.48,19.6 1 1
github.com/Neo4717/NeoCoin/encoding_bin.go:19.6,22.13 3 1
github.com/Neo4717/NeoCoin/encoding_bin.go:22.13,24.4 1 0
github.com/Neo4717/NeoCoin/encoding_bin.go:25.3,26.13 2 1
github.com/Neo4717/NeoCoin/encoding_bin.go:26.13,28.4 1 1
github.com/Neo4717/NeoCoin/encoding_bin.go:32.49,36.16 4 1
github.com/Neo4717/NeoCoin/encoding_bin.go:36.16,38.3 1 0
github.com/Neo4717/NeoCoin/encoding_bin.go:41.2,41.18 1 1
github.com/Neo4717/NeoCoin/encoding_bin.go:41.18,44.3 2 0
github.com/Neo4717/NeoCoin/encoding_bin.go:45.2,45.18 1 1
github.com/Neo4717/NeoCoin/encoding_bin.go:45.18,48.3 2 1
github.com/Neo4717/NeoCoin/encoding_bin.go:49.2,49.67 1 0
github.com/Neo4717/NeoCoin/encoding_bin.go:52.64,57.17 4 1
github.com/Neo4717/NeoCoin/encoding_bin.go:58.18,59.13 1 1
github.com/Neo4717/NeoCoin/encoding_bin.go:60.18,61.13 1 1
github.com/Neo4717/NeoCoin/encoding_bin.go:62.10,63.44 1 0
github.com/Neo4717/NeoCoin/encoding_bin.go:65.2,67.21 2 1
github.com/Neo4717/NeoCoin/encoding_bin.go:67.21,69.3 1 0
github.com/Neo4717/NeoCoin/encoding_bin.go:70.2,72.17 2 1
github.com/Neo4717/NeoCoin/encoding_bin.go:73.18,75.17 2 1
github.com/Neo4717/NeoCoin/encoding_bin.go:75.17,77.4 1 0
github.com/Neo4717/NeoCoin/encoding_bin.go:78.3,82.25 5 1
github.com/Neo4717/NeoCoin/encoding_bin.go:83.18,84.31 1 1
github.com/Neo4717/NeoCoin/encoding_bin.go:84.31,86.4 1 0
github.com/Neo4717/NeoCoin/encoding_bin.go:87.3,88.17 2 1
github.com/Neo4717/NeoCoin/encoding_bin.go:88.17,90.4 1 0
github.com/Neo4717/NeoCoin/encoding_bin.go:91.3,98.25 8 1
github.com/Neo4717/NeoCoin/encoding_bin.go:99.10,100.44 1 0
github.com/Neo4717/NeoCoin/encoding_bin.go:103.2,103.25 1 1
github.com/Neo4717/NeoCoin/encoding_bin.go:106.93,107.14 1 1
github.com/Neo4717/NeoCoin/encoding_bin.go:107.14,109.3 1 0
github.com/Neo4717/NeoCoin/encoding_bin.go:110.2,110.26 1 1
github.com/Neo4717/NeoCoin/encoding_bin.go:110.26,112.3 1 0
github.com/Neo4717/NeoCoin/encoding_bin.go:113.2,113.51 1 1
github.com/Neo4717/NeoCoin/encoding_bin.go:113.51,115.3 1 0
github.com/Neo4717/NeoCoin/encoding_bin.go:116.2,116.43 1 1
github.com/Neo4717/NeoCoin/encoding_bin.go:116.43,118.3 1 0
github.com/Neo4717/NeoCoin/encoding_bin.go:119.2,120.16 2 1
github.com/Neo4717/NeoCoin/encoding_bin.go:120.16,122.3 1 0
github.com/Neo4717/NeoCoin/encoding_bin.go:124.2,125.19 2 1
github.com/Neo4717/NeoCoin/encoding_bin.go:126.9,128.17 2 0
github.com/Neo4717/NeoCoin/encoding_bin.go:128.17,130.4 1 0
github.com/Neo4717/NeoCoin/encoding_bin.go:131.3,131.19 1 0
github.com/Neo4717/NeoCoin/encoding_bin.go:132.10,134.17 2 1
github.com/Neo4717/NeoCoin/encoding_bin.go:134.17,136.4 1 0
github.com/Neo4717/NeoCoin/encoding_bin.go:137.3,137.19 1 1
github.com/Neo4717/NeoCoin/encoding_bin.go:140.2,141.27 2 1
github.com/Neo4717/NeoCoin/encoding_bin.go:141.27,143.3 1 1
github.com/Neo4717/NeoCoin/encoding_bin.go:145.2,155.25 11 1
github.com/Neo4717/NeoCoin/encoding_hash.go:9.62,11.2 1 1
github.com/Neo4717/NeoCoin/encoding_hash.go:13.60,15.16 2 1
github.com/Neo4717/NeoCoin/encoding_hash.go:15.16,17.3 1 0
github.com/Neo4717/NeoCoin/encoding_hash.go:18.2,19.20 2 1
github.com/Neo4717/NeoCoin/encoding_hash.go:22.98,23.36 1 1
github.com/Neo4717/NeoCoin/encoding_hash.go:23.36,25.3 1 1
github.com/Neo4717/NeoCoin/encoding_hash.go:26.2,26.36 1 1
github.com/Neo4717/NeoCoin/encoding_hash.go:29.92,31.16 2 0
github.com/Neo4717/NeoCoin/encoding_hash.go:31.16,33.3 1 0
github.com/Neo4717/NeoCoin/encoding_hash.go:34.2,34.24 1 0
github.com/Neo4717/NeoCoin/encoding_hash.go:37.45,38.18 1 0
github.com/Neo4717/NeoCoin/encoding_hash.go:38.18,40.3 1 0
github.com/Neo4717/NeoCoin/encoding_hash.go:41.2,41.35 1 0
github.com/Neo4717/NeoCoin/env.go:10.42,12.13 2 1
github.com/Neo4717/NeoCoin/env.go:12.13,14.3 1 1
github.com/Neo4717/NeoCoin/env.go:15.2,16.58 2 0
github.com/Neo4717/NeoCoin/env.go:19.39,21.13 2 1
github.com/Neo4717/NeoCoin/env.go:21.13,23.3 1 1
github.com/Neo4717/NeoCoin/env.go:24.2,25.16 2 0
github.com/Neo4717/NeoCoin/env.go:25.16,27.3 1 0
github.com/Neo4717/NeoCoin/env.go:28.2,28.10 1 0
github.com/Neo4717/NeoCoin/env.go:31.48,33.13 2 1
github.com/Neo4717/NeoCoin/env.go:33.13,35.3 1 1
github.com/Neo4717/NeoCoin/env.go:36.2,37.16 2 0
github.com/Neo4717/NeoCoin/env.go:37.16,39.3 1 0
github.com/Neo4717/NeoCoin/env.go:40.2,40.18 1 0
github.com/Neo4717/NeoCoin/env.go:43.48,45.13 2 1
github.com/Neo4717/NeoCoin/env.go:45.13,47.3 1 1
github.com/Neo4717/NeoCoin/env.go:48.2,49.16 2 0
github.com/Neo4717/NeoCoin/env.go:49.16,51.3 1 0
github.com/Neo4717/NeoCoin/env.go:52.2,52.10 1 0
github.com/Neo4717/NeoCoin/env.go:55.45,57.13 2 1
github.com/Neo4717/NeoCoin/env.go:57.13,59.3 1 1
github.com/Neo4717/NeoCoin/env.go:60.2,61.16 2 0
github.com/Neo4717/NeoCoin/env.go:61.16,63.3 1 0
github.com/Neo4717/NeoCoin/env.go:64.2,64.10 1 0
github.com/Neo4717/NeoCoin/env.go:67.66,69.13 2 1
github.com/Neo4717/NeoCoin/env.go:69.13,71.3 1 1
github.com/Neo4717/NeoCoin/env.go:72.2,73.27 2 0
github.com/Neo4717/NeoCoin/env.go:73.27,75.3 1 0
github.com/Neo4717/NeoCoin/env.go:76.2,76.45 1 0
github.com/Neo4717/NeoCoin/env.go:79.33,81.2 1 1
github.com/Neo4717/NeoCoin/env.go:83.38,101.29 2 1
github.com/Neo4717/NeoCoin/env.go:101.29,102.21 1 1
github.com/Neo4717/NeoCoin/env.go:102.21,104.4 1 0
github.com/Neo4717/NeoCoin/env.go:106.2,106.14 1 1
github.com/Neo4717/NeoCoin/events.go:8.43,9.14 1 0
github.com/Neo4717/NeoCoin/events.go:9.14,11.3 1 0
github.com/Neo4717/NeoCoin/events.go:12.2,13.36 2 0
github.com/Neo4717/NeoCoin/events.go:13.36,14.25 1 0
github.com/Neo4717/NeoCoin/events.go:14.25,16.4 1 0
github.com/Neo4717/NeoCoin/events.go:17.3,17.28 1 0
github.com/Neo4717/NeoCoin/events.go:17.28,19.32 2 0
github.com/Neo4717/NeoCoin/events.go:19.32,21.5 1 0
github.com/Neo4717/NeoCoin/events.go:24.2,25.24 2 0
github.com/Neo4717/NeoCoin/events.go:25.24,27.3 1 0
github.com/Neo4717/NeoCoin/events.go:28.2,29.12 2 0
github.com/Neo4717/NeoCoin/faucet.go:20.76,28.2 1 0
github.com/Neo4717/NeoCoin/faucet.go:30.68,31.64 1 0
github.com/Neo4717/NeoCoin/faucet.go:31.64,34.3 2 0
github.com/Neo4717/NeoCoin/faucet.go:36.2,36.66 1 0
github.com/Neo4717/NeoCoin/faucet.go:36.66,39.3 2 0
github.com/Neo4717/NeoCoin/faucet.go:41.2,41.65 1 0
github.com/Neo4717/NeoCoin/faucet.go:41.65,44.3 2 0
github.com/Neo4717/NeoCoin/faucet.go:46.2,46.49 1 0
github.com/Neo4717/NeoCoin/faucet.go:49.52,59.2 3 0
github.com/Neo4717/NeoCoin/faucet.go:61.70,67.61 2 0
github.com/Neo4717/NeoCoin/faucet.go:67.61,70.3 2 0
github.com/Neo4717/NeoCoin/faucet.go:72.2,72.23 1 0
github.com/Neo4717/NeoCoin/faucet.go:72.23,75.3 2 0
github.com/Neo4717/NeoCoin/faucet.go:77.2,77.21 1 0
github.com/Neo4717/NeoCoin/faucet.go:77.21,79.3 1 0
github.com/Neo4717/NeoCoin/faucet.go:81.2,81.32 1 0
github.com/Neo4717/NeoCoin/faucet.go:81.32,83.3 1 0
github.com/Neo4717/NeoCoin/faucet.go:85.2,87.16 2 0
github.com/Neo4717/NeoCoin/faucet.go:87.16,91.3 3 0
github.com/Neo4717/NeoCoin/faucet.go:93.2,93.28 1 0
github.com/Neo4717/NeoCoin/faucet.go:93.28,97.3 3 0
github.com/Neo4717/NeoCoin/faucet.go:99.2,100.52 2 0
github.com/Neo4717/NeoCoin/faucet.go:100.52,104.3 3 0
github.com/Neo4717/NeoCoin/faucet.go:106.2,117.4 4 0
github.com/Neo4717/NeoCoin/faucet.go:120.69,125.61 2 0
github.com/Neo4717/NeoCoin/faucet.go:125.61,128.3 2 0
github.com/Neo4717/NeoCoin/faucet.go:130.2,137.4 4 0
github.com/Neo4717/NeoCoin/faucet.go:140.42,144.2 3 0
github.com/Neo4717/NeoCoin/faucet.go:146.43,150.2 3 0
github.com/Neo4717/NeoCoin/features.go:33.36,39.2 1 0
github.com/Neo4717/NeoCoin/features.go:41.101,46.30 4 0
github.com/Neo4717/NeoCoin/features.go:46.30,48.3 1 0
github.com/Neo4717/NeoCoin/features.go:50.2,50.43 1 0
github.com/Neo4717/NeoCoin/features.go:50.43,52.3 1 0
github.com/Neo4717/NeoCoin/features.go:54.2,71.12 7 0
github.com/Neo4717/NeoCoin/features.go:74.65,80.13 5 0
github.com/Neo4717/NeoCoin/features.go:80.13,82.3 1 0
github.com/Neo4717/NeoCoin/features.go:84.2,84.38 1 0
github.com/Neo4717/NeoCoin/features.go:84.38,86.3 1 0
github.com/Neo4717/NeoCoin/features.go:88.2,88.20 1 0
github.com/Neo4717/NeoCoin/features.go:91.89,97.13 5 0
github.com/Neo4717/NeoCoin/features.go:97.13,99.3 1 0
github.com/Neo4717/NeoCoin/features.go:101.2,101.27 1 0
github.com/Neo4717/NeoCoin/features.go:101.27,103.3 1 0
github.com/Neo4717/NeoCoin/features.go:105.2,106.12 2 0
github.com/Neo4717/NeoCoin/features.go:109.103,115.13 5 0
github.com/Neo4717/NeoCoin/features.go:115.13,117.3 1 0
github.com/Neo4717/NeoCoin/features.go:119.2,119.27 1 0
github.com/Neo4717/NeoCoin/features.go:119.27,121.3 1 0
github.com/Neo4717/NeoCoin/features.go:123.2,124.12 2 0
github.com/Neo4717/NeoCoin/features.go:127.96,133.13 5 0
github.com/Neo4717/NeoCoin/features.go:133.13,135.3 1 0
github.com/Neo4717/NeoCoin/features.go:137.2,137.34 1 0
github.com/Neo4717/NeoCoin/features.go:137.34,139.3 1 0
github.com/Neo4717/NeoCoin/features.go:141.2,147.12 5 0
github.com/Neo4717/NeoCoin/features.go:150.81,155.13 4 0
github.com/Neo4717/NeoCoin/features.go:155.13,157.3 1 0
github.com/Neo4717/NeoCoin/features.go:159.2,159.27 1 0
github.com/Neo4717/NeoCoin/features.go:159.27,161.3 1 0
github.com/Neo4717/NeoCoin/features.go:163.2,167.12 4 0
github.com/Neo4717/NeoCoin/features.go:170.63,174.2 3 0
github.com/Neo4717/NeoCoin/features.go:176.53,181.36 4 0
github.com/Neo4717/NeoCoin/features.go:181.36,182.40 1 0
github.com/Neo4717/NeoCoin/features.go:182.40,184.4 1 0
github.com/Neo4717/NeoCoin/features.go:186.2,186.16 1 0
github.com/Neo4717/NeoCoin/features.go:189.53,195.44 5 0
github.com/Neo4717/NeoCoin/features.go:195.44,196.25 1 0
github.com/Neo4717/NeoCoin/features.go:196.25,198.4 1 0
github.com/Neo4717/NeoCoin/features.go:200.2,200.16 1 0
github.com/Neo4717/NeoCoin/features.go:203.45,209.39 5 0
github.com/Neo4717/NeoCoin/features.go:209.39,210.32 1 0
github.com/Neo4717/NeoCoin/features.go:210.32,215.4 4 0
github.com/Neo4717/NeoCoin/features.go:217.2,217.14 1 0
github.com/Neo4717/NeoCoin/features.go:220.42,221.37 1 0
github.com/Neo4717/NeoCoin/features.go:221.37,223.3 1 0
github.com/Neo4717/NeoCoin/features.go:225.2,226.20 2 0
github.com/Neo4717/NeoCoin/features.go:226.20,228.3 1 0
github.com/Neo4717/NeoCoin/features.go:230.2,230.29 1 0
github.com/Neo4717/NeoCoin/features.go:230.29,231.39 1 0
github.com/Neo4717/NeoCoin/features.go:231.39,233.4 1 0
github.com/Neo4717/NeoCoin/features.go:234.3,234.49 1 0
github.com/Neo4717/NeoCoin/features.go:234.49,236.4 1 0
github.com/Neo4717/NeoCoin/features.go:237.3,237.26 1 0
github.com/Neo4717/NeoCoin/features.go:237.26,238.71 1 0
github.com/Neo4717/NeoCoin/features.go:238.71,240.5 1 0
github.com/Neo4717/NeoCoin/features.go:244.2,244.13 1 0
github.com/Neo4717/NeoCoin/features.go:247.45,250.2 2 0
github.com/Neo4717/NeoCoin/features.go:252.57,254.26 2 0
github.com/Neo4717/NeoCoin/features.go:254.26,255.16 1 0
github.com/Neo4717/NeoCoin/features.go:255.16,257.4 1 0
github.com/Neo4717/NeoCoin/features.go:259.2,259.15 1 0
github.com/Neo4717/NeoCoin/features.go:312.46,318.2 1 0
github.com/Neo4717/NeoCoin/features.go:320.137,344.2 8 0
github.com/Neo4717/NeoCoin/features.go:346.98,351.13 4 0
github.com/Neo4717/NeoCoin/features.go:351.13,353.3 1 0
github.com/Neo4717/NeoCoin/features.go:355.2,355.81 1 0
github.com/Neo4717/NeoCoin/features.go:355.81,357.3 1 0
github.com/Neo4717/NeoCoin/features.go:359.2,359.12 1 0
github.com/Neo4717/NeoCoin/features.go:359.12,361.3 1 0
github.com/Neo4717/NeoCoin/features.go:361.8,363.3 1 0
github.com/Neo4717/NeoCoin/features.go:365.2,374.12 3 0
github.com/Neo4717/NeoCoin/features.go:377.86,382.13 4 0
github.com/Neo4717/NeoCoin/features.go:382.13,384.3 1 0
github.com/Neo4717/NeoCoin/features.go:386.2,386.41 1 0
github.com/Neo4717/NeoCoin/features.go:386.41,388.3 1 0
github.com/Neo4717/NeoCoin/features.go:390.2,393.25 3 0
github.com/Neo4717/NeoCoin/features.go:393.25,396.3 2 0
github.com/Neo4717/NeoCoin/features.go:398.2,398.42 1 0
github.com/Neo4717/NeoCoin/features.go:398.42,401.3 2 0
github.com/Neo4717/NeoCoin/features.go:403.2,404.34 2 0
github.com/Neo4717/NeoCoin/features.go:407.70,412.13 4 0
github.com/Neo4717/NeoCoin/features.go:412.13,414.3 1 0
github.com/Neo4717/NeoCoin/features.go:416.2,416.45 1 0
github.com/Neo4717/NeoCoin/features.go:416.45,418.3 1 0
github.com/Neo4717/NeoCoin/features.go:420.2,420.23 1 0
github.com/Neo4717/NeoCoin/features.go:420.23,422.3 1 0
github.com/Neo4717/NeoCoin/features.go:424.2,427.12 3 0
github.com/Neo4717/NeoCoin/features.go:430.71,435.13 4 0
github.com/Neo4717/NeoCoin/features.go:435.13,437.3 1 0
github.com/Neo4717/NeoCoin/features.go:439.2,439.22 1 0
github.com/Neo4717/NeoCoin/features.go:442.62,448.33 5 0
github.com/Neo4717/NeoCoin/features.go:448.33,449.90 1 0
github.com/Neo4717/NeoCoin/features.go:449.90,451.4 1 0
github.com/Neo4717/NeoCoin/features.go:453.2,453.15 1 0
github.com/Neo4717/NeoCoin/features.go:456.54,460.2 3 0
github.com/Neo4717/NeoCoin/features.go:477.36,482.2 1 0
github.com/Neo4717/NeoCoin/features.go:484.102,498.2 4 0
github.com/Neo4717/NeoCoin/features.go:500.64,505.13 4 0
github.com/Neo4717/NeoCoin/features.go:505.13,507.3 1 0
github.com/Neo4717/NeoCoin/features.go:509.2,509.19 1 0
github.com/Neo4717/NeoCoin/features.go:512.57,517.33 4 0
github.com/Neo4717/NeoCoin/features.go:517.33,519.3 1 0
github.com/Neo4717/NeoCoin/features.go:520.2,520.15 1 0
github.com/Neo4717/NeoCoin/features.go:523.42,525.32 2 0
github.com/Neo4717/NeoCoin/features.go:525.32,527.3 1 0
github.com/Neo4717/NeoCoin/features.go:529.2,529.38 1 0
github.com/Neo4717/NeoCoin/features.go:529.38,530.23 1 0
github.com/Neo4717/NeoCoin/features.go:530.23,531.12 1 0
github.com/Neo4717/NeoCoin/features.go:534.3,535.28 2 0
github.com/Neo4717/NeoCoin/features.go:535.28,537.4 1 0
github.com/Neo4717/NeoCoin/features.go:538.3,538.51 1 0
github.com/Neo4717/NeoCoin/features.go:564.42,569.2 1 0
github.com/Neo4717/NeoCoin/features.go:571.123,575.32 3 0
github.com/Neo4717/NeoCoin/features.go:575.32,577.3 1 0
github.com/Neo4717/NeoCoin/features.go:579.2,586.12 2 0
github.com/Neo4717/NeoCoin/features.go:589.95,594.13 4 0
github.com/Neo4717/NeoCoin/features.go:594.13,596.3 1 0
github.com/Neo4717/NeoCoin/features.go:598.2,599.37 2 0
github.com/Neo4717/NeoCoin/features.go:599.37,600.21 1 0
github.com/Neo4717/NeoCoin/features.go:600.21,602.9 2 0
github.com/Neo4717/NeoCoin/features.go:606.2,606.39 1 0
github.com/Neo4717/NeoCoin/features.go:606.39,608.3 1 0
github.com/Neo4717/NeoCoin/features.go:610.2,621.23 4 0
github.com/Neo4717/NeoCoin/features.go:624.77,629.13 4 0
github.com/Neo4717/NeoCoin/features.go:629.13,631.3 1 0
github.com/Neo4717/NeoCoin/features.go:633.2,634.13 2 0
github.com/Neo4717/NeoCoin/features.go:634.13,636.3 1 0
github.com/Neo4717/NeoCoin/features.go:638.2,639.37 2 0
github.com/Neo4717/NeoCoin/features.go:639.37,640.20 1 0
github.com/Neo4717/NeoCoin/features.go:640.20,642.9 2 0
github.com/Neo4717/NeoCoin/features.go:646.2,646.17 1 0
github.com/Neo4717/NeoCoin/features.go:646.17,648.3 1 0
github.com/Neo4717/NeoCoin/features.go:650.2,650.31 1 0
github.com/Neo4717/NeoCoin/features.go:650.31,652.3 1 0
github.com/Neo4717/NeoCoin/features.go:654.2,657.12 3 0
github.com/Neo4717/NeoCoin/features.go:660.78,665.13 4 0
github.com/Neo4717/NeoCoin/features.go:665.13,667.3 1 0
github.com/Neo4717/NeoCoin/features.go:669.2,670.13 2 0
github.com/Neo4717/NeoCoin/features.go:670.13,672.3 1 0
github.com/Neo4717/NeoCoin/features.go:674.2,674.42 1 0
github.com/Neo4717/NeoCoin/features.go:674.42,676.3 1 0
github.com/Neo4717/NeoCoin/features.go:678.2,678.26 1 0
github.com/Neo4717/NeoCoin/features.go:681.84,686.13 4 0
github.com/Neo4717/NeoCoin/features.go:686.13,688.3 1 0
github.com/Neo4717/NeoCoin/features.go:690.2,690.20 1 0
github.com/Neo4717/NeoCoin/features.go:693.56,697.2 3 0
github.com/Neo4717/NeoCoin/forks.go:16.56,17.14 1 0
github.com/Neo4717/NeoCoin/forks.go:17.14,19.3 1 0
github.com/Neo4717/NeoCoin/forks.go:20.2,20.19 1 0
github.com/Neo4717/NeoCoin/forks.go:20.19,22.3 1 0
github.com/Neo4717/NeoCoin/forks.go:23.2,23.86 1 0
github.com/Neo4717/NeoCoin/forks.go:23.86,25.3 1 0
github.com/Neo4717/NeoCoin/forks.go:26.2,26.22 1 0
github.com/Neo4717/NeoCoin/forks.go:26.22,28.3 1 0
github.com/Neo4717/NeoCoin/forks.go:29.2,29.27 1 0
github.com/Neo4717/NeoCoin/forks.go:29.27,31.3 1 0
github.com/Neo4717/NeoCoin/forks.go:32.2,32.42 1 0
github.com/Neo4717/NeoCoin/forks.go:32.42,34.3 1 0
github.com/Neo4717/NeoCoin/forks.go:36.2,37.16 2 0
github.com/Neo4717/NeoCoin/forks.go:37.16,39.3 1 0
github.com/Neo4717/NeoCoin/forks.go:40.2,40.9 1 0
github.com/Neo4717/NeoCoin/forks.go:40.9,42.3 1 0
github.com/Neo4717/NeoCoin/forks.go:45.2,45.36 1 0
github.com/Neo4717/NeoCoin/forks.go:45.36,46.22 1 0
github.com/Neo4717/NeoCoin/forks.go:46.22,48.4 1 0
github.com/Neo4717/NeoCoin/forks.go:49.3,49.31 1 0
github.com/Neo4717/NeoCoin/forks.go:49.31,51.4 1 0
github.com/Neo4717/NeoCoin/forks.go:52.3,52.71 1 0
github.com/Neo4717/NeoCoin/forks.go:52.71,54.4 1 0
github.com/Neo4717/NeoCoin/forks.go:57.2,60.15 4 0
github.com/Neo4717/NeoCoin/forks.go:60.15,62.20 2 0
github.com/Neo4717/NeoCoin/forks.go:62.20,64.4 1 0
github.com/Neo4717/NeoCoin/forks.go:65.3,65.31 1 0
github.com/Neo4717/NeoCoin/forks.go:65.31,67.4 1 0
github.com/Neo4717/NeoCoin/forks.go:70.2,71.50 2 0
github.com/Neo4717/NeoCoin/forks.go:71.50,74.3 1 0
github.com/Neo4717/NeoCoin/forks.go:76.2,77.51 2 0
github.com/Neo4717/NeoCoin/forks.go:77.51,79.3 1 0
github.com/Neo4717/NeoCoin/forks.go:80.2,84.16 3 0
github.com/Neo4717/NeoCoin/forks.go:84.16,87.3 2 0
github.com/Neo4717/NeoCoin/forks.go:90.2,90.45 1 0
github.com/Neo4717/NeoCoin/forks.go:90.45,93.3 2 0
github.com/Neo4717/NeoCoin/forks.go:95.2,97.24 3 0
github.com/Neo4717/NeoCoin/forks.go:97.24,99.3 1 0
github.com/Neo4717/NeoCoin/forks.go:101.2,102.34 2 0
github.com/Neo4717/NeoCoin/forks.go:102.34,104.3 1 0
github.com/Neo4717/NeoCoin/forks.go:104.8,104.66 1 0
github.com/Neo4717/NeoCoin/forks.go:104.66,106.3 1 0
github.com/Neo4717/NeoCoin/forks.go:108.2,108.13 1 0
github.com/Neo4717/NeoCoin/forks.go:108.13,110.3 1 0
github.com/Neo4717/NeoCoin/forks.go:113.2,121.61 9 0
github.com/Neo4717/NeoCoin/forks.go:121.61,123.3 1 0
github.com/Neo4717/NeoCoin/forks.go:124.2,136.19 3 0
github.com/Neo4717/NeoCoin/forks.go:136.19,144.3 1 0
github.com/Neo4717/NeoCoin/forks.go:145.2,145.27 1 0
github.com/Neo4717/NeoCoin/forks.go:148.119,153.6 4 0
github.com/Neo4717/NeoCoin/forks.go:153.6,154.29 1 0
github.com/Neo4717/NeoCoin/forks.go:154.29,156.4 1 0
github.com/Neo4717/NeoCoin/forks.go:157.3,160.10 3 0
github.com/Neo4717/NeoCoin/forks.go:160.10,162.4 1 0
github.com/Neo4717/NeoCoin/forks.go:163.3,164.44 2 0
github.com/Neo4717/NeoCoin/forks.go:164.44,165.9 1 0
github.com/Neo4717/NeoCoin/forks.go:167.3,167.39 1 0
github.com/Neo4717/NeoCoin/forks.go:171.2,172.37 2 0
github.com/Neo4717/NeoCoin/forks.go:172.37,174.3 1 0
github.com/Neo4717/NeoCoin/forks.go:177.2,179.25 3 0
github.com/Neo4717/NeoCoin/forks.go:179.25,180.13 1 0
github.com/Neo4717/NeoCoin/forks.go:180.13,181.45 1 0
github.com/Neo4717/NeoCoin/forks.go:181.45,183.5 1 0
github.com/Neo4717/NeoCoin/forks.go:184.4,184.81 1 0
github.com/Neo4717/NeoCoin/forks.go:184.81,186.5 1 0
github.com/Neo4717/NeoCoin/forks.go:187.9,189.33 2 0
github.com/Neo4717/NeoCoin/forks.go:189.33,191.5 1 0
github.com/Neo4717/NeoCoin/forks.go:192.4,192.71 1 0
github.com/Neo4717/NeoCoin/forks.go:192.71,194.5 1 0
github.com/Neo4717/NeoCoin/forks.go:195.4,195.67 1 0
github.com/Neo4717/NeoCoin/forks.go:195.67,197.5 1 0
github.com/Neo4717/NeoCoin/forks.go:198.4,198.37 1 0
github.com/Neo4717/NeoCoin/forks.go:198.37,200.22 2 0
github.com/Neo4717/NeoCoin/forks.go:200.22,202.6 1 0
github.com/Neo4717/NeoCoin/forks.go:203.5,203.37 1 0
github.com/Neo4717/NeoCoin/forks.go:203.37,205.6 1 0
github.com/Neo4717/NeoCoin/forks.go:207.4,207.88 1 0
github.com/Neo4717/NeoCoin/forks.go:207.88,209.5 1 0
github.com/Neo4717/NeoCoin/forks.go:211.3,211.67 1 0
github.com/Neo4717/NeoCoin/forks.go:211.67,213.4 1 0
github.com/Neo4717/NeoCoin/forks.go:214.3,214.58 1 0
github.com/Neo4717/NeoCoin/forks.go:216.2,216.31 1 0
github.com/Neo4717/NeoCoin/forks.go:230.75,233.16 3 0
github.com/Neo4717/NeoCoin/forks.go:233.16,235.3 1 0
github.com/Neo4717/NeoCoin/forks.go:236.2,236.38 1 0
github.com/Neo4717/NeoCoin/forks.go:236.38,238.3 1 0
github.com/Neo4717/NeoCoin/forks.go:239.2,240.34 2 0
github.com/Neo4717/NeoCoin/forks.go:240.34,242.3 1 0
github.com/Neo4717/NeoCoin/forks.go:243.2,244.42 2 0
github.com/Neo4717/NeoCoin/forks.go:244.42,255.3 1 0
github.com/Neo4717/NeoCoin/forks.go:256.2,256.12 1 0
github.com/Neo4717/NeoCoin/forks.go:259.69,262.16 3 0
github.com/Neo4717/NeoCoin/forks.go:262.16,264.3 1 0
github.com/Neo4717/NeoCoin/forks.go:265.2,265.38 1 0
github.com/Neo4717/NeoCoin/forks.go:265.38,267.3 1 0
github.com/Neo4717/NeoCoin/forks.go:268.2,269.34 2 0
github.com/Neo4717/NeoCoin/forks.go:269.34,271.3 1 0
github.com/Neo4717/NeoCoin/forks.go:272.2,272.56 1 0
github.com/Neo4717/NeoCoin/forks.go:275.66,280.2 4 0
github.com/Neo4717/NeoCoin/forks.go:282.44,288.36 5 0
github.com/Neo4717/NeoCoin/forks.go:288.36,289.26 1 0
github.com/Neo4717/NeoCoin/forks.go:289.26,291.4 1 0
github.com/Neo4717/NeoCoin/forks.go:293.2,293.33 1 0
github.com/Neo4717/NeoCoin/forks.go:293.33,294.32 1 0
github.com/Neo4717/NeoCoin/forks.go:294.32,296.4 1 0
github.com/Neo4717/NeoCoin/forks.go:298.2,299.13 2 0
github.com/Neo4717/NeoCoin/genesis.go:17.53,18.36 1 1
github.com/Neo4717/NeoCoin/genesis.go:18.36,20.3 1 1
github.com/Neo4717/NeoCoin/genesis.go:21.2,22.16 2 0
github.com/Neo4717/NeoCoin/genesis.go:22.16,24.3 1 0
github.com/Neo4717/NeoCoin/genesis.go:25.2,25.18 1 0
github.com/Neo4717/NeoCoin/genesis.go:25.18,27.3 1 0
github.com/Neo4717/NeoCoin/genesis.go:28.2,28.12 1 0
github.com/Neo4717/NeoCoin/genesis.go:31.38,32.37 1 0
github.com/Neo4717/NeoCoin/genesis.go:32.37,34.3 1 0
github.com/Neo4717/NeoCoin/genesis.go:35.2,37.23 3 0
github.com/Neo4717/NeoCoin/genesis.go:37.23,39.3 1 0
github.com/Neo4717/NeoCoin/genesis.go:40.2,40.13 1 0
github.com/Neo4717/NeoCoin/genesis.go:45.54,47.17 2 1
github.com/Neo4717/NeoCoin/genesis.go:47.17,49.3 1 0
github.com/Neo4717/NeoCoin/genesis.go:50.2,50.17 1 1
github.com/Neo4717/NeoCoin/genesis.go:50.17,52.47 2 1
github.com/Neo4717/NeoCoin/genesis.go:52.47,54.4 1 0
github.com/Neo4717/NeoCoin/genesis.go:55.3,56.14 2 1
github.com/Neo4717/NeoCoin/genesis.go:56.14,58.4 1 0
github.com/Neo4717/NeoCoin/genesis.go:59.3,60.17 2 1
github.com/Neo4717/NeoCoin/genesis.go:60.17,62.4 1 0
github.com/Neo4717/NeoCoin/genesis.go:63.3,64.13 2 1
github.com/Neo4717/NeoCoin/genesis.go:66.2,69.39 4 1
github.com/Neo4717/NeoCoin/genesis.go:69.39,71.3 1 0
github.com/Neo4717/NeoCoin/genesis.go:72.2,73.16 2 1
github.com/Neo4717/NeoCoin/genesis.go:73.16,75.3 1 0
github.com/Neo4717/NeoCoin/genesis.go:76.2,77.12 2 1
github.com/Neo4717/NeoCoin/genesis.go:80.39,82.2 1 1
github.com/Neo4717/NeoCoin/genesis.go:106.57,107.70 1 1
github.com/Neo4717/NeoCoin/genesis.go:107.70,109.3 1 1
github.com/Neo4717/NeoCoin/genesis.go:110.2,110.79 1 0
github.com/Neo4717/NeoCoin/genesis.go:110.79,112.3 1 0
github.com/Neo4717/NeoCoin/genesis.go:113.2,113.71 1 0
github.com/Neo4717/NeoCoin/genesis.go:113.71,115.3 1 0
github.com/Neo4717/NeoCoin/genesis.go:116.2,116.17 1 0
github.com/Neo4717/NeoCoin/genesis.go:117.12,118.55 1 0
github.com/Neo4717/NeoCoin/genesis.go:119.9,120.55 1 0
github.com/Neo4717/NeoCoin/genesis.go:121.10,122.76 1 0
github.com/Neo4717/NeoCoin/genesis.go:126.61,128.16 2 1
github.com/Neo4717/NeoCoin/genesis.go:128.16,130.3 1 0
github.com/Neo4717/NeoCoin/genesis.go:132.2,135.41 4 1
github.com/Neo4717/NeoCoin/genesis.go:135.41,137.3 1 0
github.com/Neo4717/NeoCoin/genesis.go:138.2,138.22 1 1
github.com/Neo4717/NeoCoin/genesis.go:138.22,140.3 1 0
github.com/Neo4717/NeoCoin/genesis.go:141.2,141.24 1 1
github.com/Neo4717/NeoCoin/genesis.go:141.24,143.3 1 0
github.com/Neo4717/NeoCoin/genesis.go:144.2,144.37 1 1
github.com/Neo4717/NeoCoin/genesis.go:144.37,146.3 1 0
github.com/Neo4717/NeoCoin/genesis.go:147.2,147.77 1 1
github.com/Neo4717/NeoCoin/genesis.go:147.77,149.3 1 0
github.com/Neo4717/NeoCoin/genesis.go:151.2,152.16 2 1
github.com/Neo4717/NeoCoin/genesis.go:152.16,154.3 1 0
github.com/Neo4717/NeoCoin/genesis.go:155.2,156.16 2 1
github.com/Neo4717/NeoCoin/genesis.go:156.16,158.3 1 0
github.com/Neo4717/NeoCoin/genesis.go:159.2,171.17 3 1
github.com/Neo4717/NeoCoin/genesis.go:174.50,175.44 1 1
github.com/Neo4717/NeoCoin/genesis.go:175.44,177.3 1 1
github.com/Neo4717/NeoCoin/genesis.go:178.2,178.40 1 0
github.com/Neo4717/NeoCoin/genesis.go:202.73,203.19 1 1
github.com/Neo4717/NeoCoin/genesis.go:203.19,205.3 1 0
github.com/Neo4717/NeoCoin/genesis.go:206.2,209.41 4 1
github.com/Neo4717/NeoCoin/genesis.go:209.41,211.3 1 0
github.com/Neo4717/NeoCoin/genesis.go:213.2,213.33 1 1
github.com/Neo4717/NeoCoin/genesis.go:213.33,215.3 1 0
github.com/Neo4717/NeoCoin/genesis.go:216.2,216.29 1 1
github.com/Neo4717/NeoCoin/genesis.go:216.29,218.3 1 0
github.com/Neo4717/NeoCoin/genesis.go:219.2,219.37 1 1
github.com/Neo4717/NeoCoin/genesis.go:219.37,221.3 1 0
github.com/Neo4717/NeoCoin/genesis.go:223.2,224.16 2 1
github.com/Neo4717/NeoCoin/genesis.go:224.16,226.3 1 0
github.com/Neo4717/NeoCoin/genesis.go:227.2,228.16 2 1
github.com/Neo4717/NeoCoin/genesis.go:228.16,230.3 1 0
github.com/Neo4717/NeoCoin/genesis.go:231.2,232.16 2 1
github.com/Neo4717/NeoCoin/genesis.go:232.16,234.3 1 0
github.com/Neo4717/NeoCoin/genesis.go:235.2,236.16 2 1
github.com/Neo4717/NeoCoin/genesis.go:236.16,238.3 1 0
github.com/Neo4717/NeoCoin/genesis.go:239.2,240.16 2 1
github.com/Neo4717/NeoCoin/genesis.go:240.16,242.3 1 0
github.com/Neo4717/NeoCoin/genesis.go:243.2,244.16 2 1
github.com/Neo4717/NeoCoin/genesis.go:244.16,246.3 1 0
github.com/Neo4717/NeoCoin/genesis.go:247.2,248.16 2 1
github.com/Neo4717/NeoCoin/genesis.go:248.16,250.3 1 0
github.com/Neo4717/NeoCoin/genesis.go:251.2,252.16 2 1
github.com/Neo4717/NeoCoin/genesis.go:252.16,254.3 1 0
github.com/Neo4717/NeoCoin/genesis.go:255.2,256.16 2 1
github.com/Neo4717/NeoCoin/genesis.go:256.16,258.3 1 0
github.com/Neo4717/NeoCoin/genesis.go:259.2,260.16 2 1
github.com/Neo4717/NeoCoin/genesis.go:260.16,262.3 1 0
github.com/Neo4717/NeoCoin/genesis.go:263.2,264.16 2 1
github.com/Neo4717/NeoCoin/genesis.go:264.16,266.3 1 0
github.com/Neo4717/NeoCoin/genesis.go:268.2,284.51 2 1
github.com/Neo4717/NeoCoin/genesis.go:284.51,286.3 1 0
github.com/Neo4717/NeoCoin/genesis.go:287.2,287.15 1 1
github.com/Neo4717/NeoCoin/genesis.go:290.32,291.14 1 1
github.com/Neo4717/NeoCoin/genesis.go:291.14,293.3 1 1
github.com/Neo4717/NeoCoin/genesis.go:294.2,295.12 2 0
github.com/Neo4717/NeoCoin/genesis.go:298.56,301.27 3 1
github.com/Neo4717/NeoCoin/genesis.go:301.27,302.15 1 1
github.com/Neo4717/NeoCoin/genesis.go:302.15,303.12 1 1
github.com/Neo4717/NeoCoin/genesis.go:305.3,305.11 1 1
github.com/Neo4717/NeoCoin/genesis.go:305.11,308.12 3 1
github.com/Neo4717/NeoCoin/genesis.go:310.3,310.16 1 0
github.com/Neo4717/NeoCoin/genesis.go:310.16,312.4 1 0
github.com/Neo4717/NeoCoin/genesis.go:314.2,314.10 1 1
github.com/Neo4717/NeoCoin/genesis.go:314.10,316.3 1 0
github.com/Neo4717/NeoCoin/genesis.go:317.2,317.17 1 1
github.com/Neo4717/NeoCoin/genesis.go:320.62,323.27 3 1
github.com/Neo4717/NeoCoin/genesis.go:323.27,324.15 1 1
github.com/Neo4717/NeoCoin/genesis.go:324.15,325.12 1 1
github.com/Neo4717/NeoCoin/genesis.go:327.3,327.11 1 1
github.com/Neo4717/NeoCoin/genesis.go:327.11,330.12 3 1
github.com/Neo4717/NeoCoin/genesis.go:332.3,332.16 1 0
github.com/Neo4717/NeoCoin/genesis.go:332.16,334.4 1 0
github.com/Neo4717/NeoCoin/genesis.go:336.2,336.10 1 1
github.com/Neo4717/NeoCoin/genesis.go:336.10,338.3 1 0
github.com/Neo4717/NeoCoin/genesis.go:339.2,339.17 1 1
github.com/Neo4717/NeoCoin/genesis.go:342.65,345.27 3 1
github.com/Neo4717/NeoCoin/genesis.go:345.27,346.15 1 1
github.com/Neo4717/NeoCoin/genesis.go:346.15,347.12 1 1
github.com/Neo4717/NeoCoin/genesis.go:349.3,349.11 1 1
github.com/Neo4717/NeoCoin/genesis.go:349.11,352.12 3 1
github.com/Neo4717/NeoCoin/genesis.go:354.3,354.16 1 0
github.com/Neo4717/NeoCoin/genesis.go:354.16,356.4 1 0
github.com/Neo4717/NeoCoin/genesis.go:358.2,358.10 1 1
github.com/Neo4717/NeoCoin/genesis.go:358.10,360.3 1 0
github.com/Neo4717/NeoCoin/genesis.go:361.2,361.17 1 1
github.com/Neo4717/NeoCoin/genesis.go:364.51,365.14 1 1
github.com/Neo4717/NeoCoin/genesis.go:365.14,367.3 1 0
github.com/Neo4717/NeoCoin/genesis.go:368.2,368.16 1 1
github.com/Neo4717/NeoCoin/genesis.go:371.57,372.14 1 1
github.com/Neo4717/NeoCoin/genesis.go:372.14,374.3 1 0
github.com/Neo4717/NeoCoin/genesis.go:375.2,375.16 1 1
github.com/Neo4717/NeoCoin/genesis.go:378.60,379.14 1 1
github.com/Neo4717/NeoCoin/genesis.go:379.14,381.3 1 0
github.com/Neo4717/NeoCoin/genesis.go:382.2,382.16 1 1
github.com/Neo4717/NeoCoin/genesis.go:385.60,386.14 1 1
github.com/Neo4717/NeoCoin/genesis.go:386.14,388.3 1 0
github.com/Neo4717/NeoCoin/genesis.go:389.2,389.16 1 1
github.com/Neo4717/NeoCoin/genesis.go:392.55,393.28 1 1
github.com/Neo4717/NeoCoin/genesis.go:393.28,395.3 1 0
github.com/Neo4717/NeoCoin/genesis.go:396.2,396.29 1 1
github.com/Neo4717/NeoCoin/genesis.go:396.29,398.3 1 0
github.com/Neo4717/NeoCoin/genesis.go:399.2,399.30 1 1
github.com/Neo4717/NeoCoin/genesis.go:399.30,401.3 1 0
github.com/Neo4717/NeoCoin/genesis.go:402.2,402.30 1 1
github.com/Neo4717/NeoCoin/genesis.go:402.30,404.3 1 0
github.com/Neo4717/NeoCoin/genesis.go:405.2,405.30 1 1
github.com/Neo4717/NeoCoin/genesis.go:405.30,407.3 1 0
github.com/Neo4717/NeoCoin/genesis.go:408.2,408.45 1 1
github.com/Neo4717/NeoCoin/genesis.go:408.45,410.3 1 0
github.com/Neo4717/NeoCoin/genesis.go:411.2,411.47 1 1
github.com/Neo4717/NeoCoin/genesis.go:411.47,413.3 1 0
github.com/Neo4717/NeoCoin/genesis.go:414.2,414.100 1 1
github.com/Neo4717/NeoCoin/genesis.go:414.100,416.3 1 0
github.com/Neo4717/NeoCoin/genesis.go:417.2,417.33 1 1
github.com/Neo4717/NeoCoin/genesis.go:417.33,419.3 1 0
github.com/Neo4717/NeoCoin/genesis.go:420.2,420.25 1 1
github.com/Neo4717/NeoCoin/genesis.go:420.25,422.3 1 0
github.com/Neo4717/NeoCoin/genesis.go:423.2,423.25 1 1
github.com/Neo4717/NeoCoin/genesis.go:423.25,425.3 1 0
github.com/Neo4717/NeoCoin/genesis.go:426.2,426.12 1 1
github.com/Neo4717/NeoCoin/genesis.go:429.57,430.30 1 1
github.com/Neo4717/NeoCoin/genesis.go:430.30,432.3 1 0
github.com/Neo4717/NeoCoin/genesis.go:433.2,433.73 1 1
github.com/Neo4717/NeoCoin/genesis.go:436.87,437.16 1 1
github.com/Neo4717/NeoCoin/genesis.go:437.16,439.3 1 0
github.com/Neo4717/NeoCoin/genesis.go:440.2,443.50 3 1
github.com/Neo4717/NeoCoin/genesis.go:443.50,445.3 1 0
github.com/Neo4717/NeoCoin/genesis.go:447.2,464.16 5 1
github.com/Neo4717/NeoCoin/genesis.go:464.16,466.3 1 0
github.com/Neo4717/NeoCoin/genesis.go:467.2,469.21 3 1
github.com/Neo4717/NeoCoin/genesis.go:472.90,473.14 1 0
github.com/Neo4717/NeoCoin/genesis.go:473.14,475.3 1 0
github.com/Neo4717/NeoCoin/genesis.go:476.2,476.19 1 0
github.com/Neo4717/NeoCoin/genesis.go:476.19,478.3 1 0
github.com/Neo4717/NeoCoin/genesis.go:479.2,479.26 1 0
github.com/Neo4717/NeoCoin/genesis.go:479.26,481.3 1 0
github.com/Neo4717/NeoCoin/genesis.go:482.2,482.54 1 0
github.com/Neo4717/NeoCoin/genesis.go:482.54,484.3 1 0
github.com/Neo4717/NeoCoin/genesis.go:485.2,485.38 1 0
github.com/Neo4717/NeoCoin/genesis.go:485.38,487.3 1 0
github.com/Neo4717/NeoCoin/genesis.go:488.2,488.47 1 0
github.com/Neo4717/NeoCoin/genesis.go:488.47,490.3 1 0
github.com/Neo4717/NeoCoin/genesis.go:491.2,491.57 1 0
github.com/Neo4717/NeoCoin/genesis.go:491.57,493.3 1 0
github.com/Neo4717/NeoCoin/genesis.go:494.2,494.30 1 0
github.com/Neo4717/NeoCoin/genesis.go:494.30,496.3 1 0
github.com/Neo4717/NeoCoin/genesis.go:497.2,498.27 2 0
github.com/Neo4717/NeoCoin/genesis.go:498.27,500.3 1 0
github.com/Neo4717/NeoCoin/genesis.go:501.2,501.31 1 0
github.com/Neo4717/NeoCoin/genesis.go:501.31,503.3 1 0
github.com/Neo4717/NeoCoin/genesis.go:504.2,504.45 1 0
github.com/Neo4717/NeoCoin/genesis.go:504.45,506.3 1 0
github.com/Neo4717/NeoCoin/genesis.go:507.2,507.36 1 0
github.com/Neo4717/NeoCoin/genesis.go:507.36,509.3 1 0
github.com/Neo4717/NeoCoin/genesis.go:510.2,510.45 1 0
github.com/Neo4717/NeoCoin/genesis.go:510.45,512.3 1 0
github.com/Neo4717/NeoCoin/genesis.go:513.2,514.16 2 0
github.com/Neo4717/NeoCoin/genesis.go:514.16,516.3 1 0
github.com/Neo4717/NeoCoin/genesis.go:517.2,517.9 1 0
github.com/Neo4717/NeoCoin/genesis.go:517.9,519.3 1 0
github.com/Neo4717/NeoCoin/genesis.go:520.2,521.12 2 0
github.com/Neo4717/NeoCoin/genesis.go:524.75,526.16 2 1
github.com/Neo4717/NeoCoin/genesis.go:526.16,528.3 1 0
github.com/Neo4717/NeoCoin/genesis.go:529.2,530.22 2 1
github.com/Neo4717/NeoCoin/genesis.go:530.22,532.3 1 0
github.com/Neo4717/NeoCoin/genesis.go:533.2,533.20 1 1
github.com/Neo4717/NeoCoin/genesis_test_helpers.go:46.51,63.2 1 1
github.com/Neo4717/NeoCoin/genesis_test_helpers.go:65.49,72.2 1 1
github.com/Neo4717/NeoCoin/genesis_test_helpers.go:74.138,87.16 4 1
github.com/Neo4717/NeoCoin/genesis_test_helpers.go:87.16,89.3 1 0
github.com/Neo4717/NeoCoin/genesis_test_helpers.go:90.2,91.53 2 1
github.com/Neo4717/NeoCoin/genesis_test_helpers.go:91.53,93.3 1 0
github.com/Neo4717/NeoCoin/genesis_test_helpers.go:94.2,94.13 1 1
github.com/Neo4717/NeoCoin/governance.go:43.34,51.2 1 0
github.com/Neo4717/NeoCoin/governance.go:53.157,77.2 6 0
github.com/Neo4717/NeoCoin/governance.go:79.88,84.9 4 0
github.com/Neo4717/NeoCoin/governance.go:84.9,86.3 1 0
github.com/Neo4717/NeoCoin/governance.go:88.2,88.40 1 0
github.com/Neo4717/NeoCoin/governance.go:88.40,90.3 1 0
github.com/Neo4717/NeoCoin/governance.go:92.2,92.40 1 0
github.com/Neo4717/NeoCoin/governance.go:92.40,93.23 1 0
github.com/Neo4717/NeoCoin/governance.go:93.23,95.4 1 0
github.com/Neo4717/NeoCoin/governance.go:98.2,108.13 3 0
github.com/Neo4717/NeoCoin/governance.go:108.13,110.3 1 0
github.com/Neo4717/NeoCoin/governance.go:110.8,112.3 1 0
github.com/Neo4717/NeoCoin/governance.go:114.2,114.12 1 0
github.com/Neo4717/NeoCoin/governance.go:117.63,122.9 4 0
github.com/Neo4717/NeoCoin/governance.go:122.9,124.3 1 0
github.com/Neo4717/NeoCoin/governance.go:126.2,126.23 1 0
github.com/Neo4717/NeoCoin/governance.go:126.23,128.3 1 0
github.com/Neo4717/NeoCoin/governance.go:130.2,130.41 1 0
github.com/Neo4717/NeoCoin/governance.go:130.41,132.3 1 0
github.com/Neo4717/NeoCoin/governance.go:134.2,135.30 2 0
github.com/Neo4717/NeoCoin/governance.go:135.30,138.3 2 0
github.com/Neo4717/NeoCoin/governance.go:140.2,141.40 2 0
github.com/Neo4717/NeoCoin/governance.go:141.40,144.3 2 0
github.com/Neo4717/NeoCoin/governance.go:146.2,146.23 1 0
github.com/Neo4717/NeoCoin/governance.go:147.18,148.38 1 0
github.com/Neo4717/NeoCoin/governance.go:148.38,150.4 1 0
github.com/Neo4717/NeoCoin/governance.go:151.3,151.35 1 0
github.com/Neo4717/NeoCoin/governance.go:152.19,152.19 0 0
github.com/Neo4717/NeoCoin/governance.go:153.17,153.17 0 0
github.com/Neo4717/NeoCoin/governance.go:154.10,155.45 1 0
github.com/Neo4717/NeoCoin/governance.go:158.2,162.12 4 0
github.com/Neo4717/NeoCoin/governance.go:165.73,170.2 4 0
github.com/Neo4717/NeoCoin/governance.go:172.73,177.32 4 0
github.com/Neo4717/NeoCoin/governance.go:177.32,178.41 1 0
github.com/Neo4717/NeoCoin/governance.go:178.41,180.4 1 0
github.com/Neo4717/NeoCoin/governance.go:182.2,182.15 1 0
github.com/Neo4717/NeoCoin/governance.go:185.67,189.2 3 0
github.com/Neo4717/NeoCoin/governance.go:191.51,195.2 3 0
github.com/Neo4717/NeoCoin/governance.go:197.43,201.2 3 0
github.com/Neo4717/NeoCoin/governance.go:210.52,220.2 3 0
github.com/Neo4717/NeoCoin/hardware_wallet.go:25.38,27.2 1 0
github.com/Neo4717/NeoCoin/hardware_wallet.go:29.53,33.2 3 0
github.com/Neo4717/NeoCoin/hardware_wallet.go:35.56,40.19 4 0
github.com/Neo4717/NeoCoin/hardware_wallet.go:40.19,42.3 1 0
github.com/Neo4717/NeoCoin/hardware_wallet.go:44.2,44.26 1 0
github.com/Neo4717/NeoCoin/hardware_wallet.go:44.26,46.3 1 0
github.com/Neo4717/NeoCoin/hardware_wallet.go:48.2,49.16 2 0
github.com/Neo4717/NeoCoin/hardware_wallet.go:49.16,51.3 1 0
github.com/Neo4717/NeoCoin/hardware_wallet.go:53.2,57.16 4 0
github.com/Neo4717/NeoCoin/hardware_wallet.go:60.62,65.19 4 0
github.com/Neo4717/NeoCoin/hardware_wallet.go:65.19,67.3 1 0
github.com/Neo4717/NeoCoin/hardware_wallet.go:69.2,69.29 1 0
github.com/Neo4717/NeoCoin/hardware_wallet.go:72.54,74.16 2 0
github.com/Neo4717/NeoCoin/hardware_wallet.go:74.16,76.3 1 0
github.com/Neo4717/NeoCoin/hardware_wallet.go:79.2,86.64 7 0
github.com/Neo4717/NeoCoin/hardware_wallet.go:89.44,94.19 4 0
github.com/Neo4717/NeoCoin/hardware_wallet.go:94.19,96.3 1 0
github.com/Neo4717/NeoCoin/hardware_wallet.go:98.2,98.29 1 0
github.com/Neo4717/NeoCoin/hardware_wallet.go:105.38,108.2 1 0
github.com/Neo4717/NeoCoin/hardware_wallet.go:110.55,114.20 2 0
github.com/Neo4717/NeoCoin/hardware_wallet.go:114.20,116.3 1 0
github.com/Neo4717/NeoCoin/hardware_wallet.go:119.2,120.20 2 0
github.com/Neo4717/NeoCoin/hardware_wallet.go:123.61,125.20 2 0
github.com/Neo4717/NeoCoin/hardware_wallet.go:125.20,127.3 1 0
github.com/Neo4717/NeoCoin/hardware_wallet.go:131.2,131.60 1 0
github.com/Neo4717/NeoCoin/hardware_wallet.go:134.43,136.2 1 0
github.com/Neo4717/NeoCoin/hardware_wallet.go:138.53,140.16 2 0
github.com/Neo4717/NeoCoin/hardware_wallet.go:140.16,142.3 1 0
github.com/Neo4717/NeoCoin/hardware_wallet.go:144.2,151.64 7 0
github.com/Neo4717/NeoCoin/hardware_wallet.go:158.38,160.2 1 0
github.com/Neo4717/NeoCoin/hardware_wallet.go:162.55,164.20 2 0
github.com/Neo4717/NeoCoin/hardware_wallet.go:164.20,166.3 1 0
github.com/Neo4717/NeoCoin/hardware_wallet.go:169.2,169.49 1 0
github.com/Neo4717/NeoCoin/hardware_wallet.go:172.61,174.20 2 0
github.com/Neo4717/NeoCoin/hardware_wallet.go:174.20,176.3 1 0
github.com/Neo4717/NeoCoin/hardware_wallet.go:178.2,178.60 1 0
github.com/Neo4717/NeoCoin/hardware_wallet.go:181.43,183.2 1 0
github.com/Neo4717/NeoCoin/hardware_wallet.go:185.53,187.16 2 0
github.com/Neo4717/NeoCoin/hardware_wallet.go:187.16,189.3 1 0
github.com/Neo4717/NeoCoin/hardware_wallet.go:191.2,198.64 7 0
github.com/Neo4717/NeoCoin/hardware_wallet.go:201.46,204.26 2 0
github.com/Neo4717/NeoCoin/hardware_wallet.go:204.26,207.3 2 0
github.com/Neo4717/NeoCoin/hardware_wallet.go:210.2,211.26 2 0
github.com/Neo4717/NeoCoin/hardware_wallet.go:211.26,214.3 2 0
github.com/Neo4717/NeoCoin/hardware_wallet.go:216.2,216.12 1 0
github.com/Neo4717/NeoCoin/hd_wallet.go:25.50,26.32 1 0
github.com/Neo4717/NeoCoin/hd_wallet.go:26.32,28.3 1 0
github.com/Neo4717/NeoCoin/hd_wallet.go:30.2,49.20 10 0
github.com/Neo4717/NeoCoin/hd_wallet.go:52.59,58.31 5 0
github.com/Neo4717/NeoCoin/hd_wallet.go:58.31,59.41 1 0
github.com/Neo4717/NeoCoin/hd_wallet.go:59.41,61.4 1 0
github.com/Neo4717/NeoCoin/hd_wallet.go:63.3,64.17 2 0
github.com/Neo4717/NeoCoin/hd_wallet.go:64.17,66.4 1 0
github.com/Neo4717/NeoCoin/hd_wallet.go:66.9,68.4 1 0
github.com/Neo4717/NeoCoin/hd_wallet.go:69.3,72.17 3 0
github.com/Neo4717/NeoCoin/hd_wallet.go:72.17,75.4 2 0
github.com/Neo4717/NeoCoin/hd_wallet.go:75.9,77.4 1 0
github.com/Neo4717/NeoCoin/hd_wallet.go:78.3,90.27 10 0
github.com/Neo4717/NeoCoin/hd_wallet.go:90.27,92.4 1 0
github.com/Neo4717/NeoCoin/hd_wallet.go:94.3,103.13 2 0
github.com/Neo4717/NeoCoin/hd_wallet.go:106.2,106.15 1 0
github.com/Neo4717/NeoCoin/hd_wallet.go:109.38,111.33 2 0
github.com/Neo4717/NeoCoin/hd_wallet.go:111.33,113.3 1 0
github.com/Neo4717/NeoCoin/hd_wallet.go:115.2,115.40 1 0
github.com/Neo4717/NeoCoin/hd_wallet.go:115.40,117.3 1 0
github.com/Neo4717/NeoCoin/hd_wallet.go:119.2,120.31 2 0
github.com/Neo4717/NeoCoin/hd_wallet.go:120.31,123.17 3 0
github.com/Neo4717/NeoCoin/hd_wallet.go:123.17,127.4 3 0
github.com/Neo4717/NeoCoin/hd_wallet.go:127.9,129.4 1 0
github.com/Neo4717/NeoCoin/hd_wallet.go:130.3,130.33 1 0
github.com/Neo4717/NeoCoin/hd_wallet.go:133.2,133.15 1 0
github.com/Neo4717/NeoCoin/hd_wallet.go:136.38,139.25 3 0
github.com/Neo4717/NeoCoin/hd_wallet.go:139.25,140.15 1 0
github.com/Neo4717/NeoCoin/hd_wallet.go:140.15,141.21 1 0
github.com/Neo4717/NeoCoin/hd_wallet.go:141.21,143.5 1 0
github.com/Neo4717/NeoCoin/hd_wallet.go:144.4,144.16 1 0
github.com/Neo4717/NeoCoin/hd_wallet.go:145.9,147.4 1 0
github.com/Neo4717/NeoCoin/hd_wallet.go:149.2,149.19 1 0
github.com/Neo4717/NeoCoin/hd_wallet.go:149.19,151.3 1 0
github.com/Neo4717/NeoCoin/hd_wallet.go:152.2,152.15 1 0
github.com/Neo4717/NeoCoin/hd_wallet.go:155.37,157.2 1 0
github.com/Neo4717/NeoCoin/hd_wallet.go:159.43,161.2 1 0
github.com/Neo4717/NeoCoin/hd_wallet.go:163.42,165.2 1 0
github.com/Neo4717/NeoCoin/http.go:43.230,44.20 1 0
github.com/Neo4717/NeoCoin/http.go:44.20,46.3 1 0
github.com/Neo4717/NeoCoin/http.go:47.2,63.18 2 0
github.com/Neo4717/NeoCoin/http.go:63.18,65.3 1 0
github.com/Neo4717/NeoCoin/http.go:66.2,66.10 1 0
github.com/Neo4717/NeoCoin/http.go:69.40,81.34 5 0
github.com/Neo4717/NeoCoin/http.go:81.34,83.3 1 0
github.com/Neo4717/NeoCoin/http.go:85.2,110.110 22 0
github.com/Neo4717/NeoCoin/http.go:110.110,112.3 1 0
github.com/Neo4717/NeoCoin/http.go:113.2,113.102 1 0
github.com/Neo4717/NeoCoin/http.go:113.102,115.3 1 0
github.com/Neo4717/NeoCoin/http.go:118.2,119.93 2 0
github.com/Neo4717/NeoCoin/http.go:119.93,120.24 1 0
github.com/Neo4717/NeoCoin/http.go:120.24,124.4 2 0
github.com/Neo4717/NeoCoin/http.go:125.3,125.40 1 0
github.com/Neo4717/NeoCoin/http.go:127.2,127.114 1 0
github.com/Neo4717/NeoCoin/http.go:127.114,129.3 1 0
github.com/Neo4717/NeoCoin/http.go:130.2,130.106 1 0
github.com/Neo4717/NeoCoin/http.go:130.106,132.3 1 0
github.com/Neo4717/NeoCoin/http.go:133.2,133.12 1 0
github.com/Neo4717/NeoCoin/http.go:136.71,138.2 1 0
github.com/Neo4717/NeoCoin/http.go:140.71,141.32 1 0
github.com/Neo4717/NeoCoin/http.go:141.32,144.3 2 0
github.com/Neo4717/NeoCoin/http.go:145.2,145.17 1 0
github.com/Neo4717/NeoCoin/http.go:145.17,148.3 2 0
github.com/Neo4717/NeoCoin/http.go:149.2,155.4 2 0
github.com/Neo4717/NeoCoin/http.go:158.74,159.32 1 0
github.com/Neo4717/NeoCoin/http.go:159.32,162.3 2 0
github.com/Neo4717/NeoCoin/http.go:163.2,166.20 4 0
github.com/Neo4717/NeoCoin/http.go:166.20,168.3 1 0
github.com/Neo4717/NeoCoin/http.go:169.2,174.32 6 0
github.com/Neo4717/NeoCoin/http.go:174.32,176.3 1 0
github.com/Neo4717/NeoCoin/http.go:177.2,230.38 3 0
github.com/Neo4717/NeoCoin/http.go:233.76,234.32 1 0
github.com/Neo4717/NeoCoin/http.go:234.32,237.3 2 0
github.com/Neo4717/NeoCoin/http.go:238.2,240.16 3 0
github.com/Neo4717/NeoCoin/http.go:240.16,243.3 2 0
github.com/Neo4717/NeoCoin/http.go:244.2,245.46 2 0
github.com/Neo4717/NeoCoin/http.go:245.46,246.44 1 0
github.com/Neo4717/NeoCoin/http.go:246.44,248.4 1 0
github.com/Neo4717/NeoCoin/http.go:250.2,250.61 1 0
github.com/Neo4717/NeoCoin/http.go:253.75,254.32 1 0
github.com/Neo4717/NeoCoin/http.go:254.32,257.3 2 0
github.com/Neo4717/NeoCoin/http.go:258.2,260.16 3 0
github.com/Neo4717/NeoCoin/http.go:260.16,263.3 2 0
github.com/Neo4717/NeoCoin/http.go:264.2,265.46 2 0
github.com/Neo4717/NeoCoin/http.go:265.46,266.44 1 0
github.com/Neo4717/NeoCoin/http.go:266.44,268.4 1 0
github.com/Neo4717/NeoCoin/http.go:270.2,270.60 1 0
github.com/Neo4717/NeoCoin/http.go:273.76,274.32 1 0
github.com/Neo4717/NeoCoin/http.go:274.32,277.3 2 0
github.com/Neo4717/NeoCoin/http.go:278.2,279.19 2 0
github.com/Neo4717/NeoCoin/http.go:279.19,282.3 2 0
github.com/Neo4717/NeoCoin/http.go:283.2,284.9 2 0
github.com/Neo4717/NeoCoin/http.go:284.9,287.3 2 0
github.com/Neo4717/NeoCoin/http.go:288.2,288.36 1 0
github.com/Neo4717/NeoCoin/http.go:291.78,292.32 1 0
github.com/Neo4717/NeoCoin/http.go:292.32,295.3 2 0
github.com/Neo4717/NeoCoin/http.go:296.2,298.16 3 0
github.com/Neo4717/NeoCoin/http.go:298.16,301.3 2 0
github.com/Neo4717/NeoCoin/http.go:302.2,303.9 2 0
github.com/Neo4717/NeoCoin/http.go:303.9,306.3 2 0
github.com/Neo4717/NeoCoin/http.go:307.2,307.36 1 0
github.com/Neo4717/NeoCoin/http.go:310.71,311.32 1 0
github.com/Neo4717/NeoCoin/http.go:311.32,314.3 2 0
github.com/Neo4717/NeoCoin/http.go:315.2,316.16 2 0
github.com/Neo4717/NeoCoin/http.go:316.16,319.3 2 0
github.com/Neo4717/NeoCoin/http.go:320.2,321.9 2 0
github.com/Neo4717/NeoCoin/http.go:321.9,324.3 2 0
github.com/Neo4717/NeoCoin/http.go:325.2,329.4 1 0
github.com/Neo4717/NeoCoin/http.go:332.72,333.32 1 0
github.com/Neo4717/NeoCoin/http.go:333.32,336.3 2 0
github.com/Neo4717/NeoCoin/http.go:337.2,338.16 2 0
github.com/Neo4717/NeoCoin/http.go:338.16,341.3 2 0
github.com/Neo4717/NeoCoin/http.go:343.2,349.32 3 0
github.com/Neo4717/NeoCoin/http.go:349.32,350.37 1 0
github.com/Neo4717/NeoCoin/http.go:350.37,352.18 2 0
github.com/Neo4717/NeoCoin/http.go:352.18,353.13 1 0
github.com/Neo4717/NeoCoin/http.go:355.4,355.18 1 0
github.com/Neo4717/NeoCoin/http.go:355.18,359.10 4 0
github.com/Neo4717/NeoCoin/http.go:362.3,362.24 1 0
github.com/Neo4717/NeoCoin/http.go:362.24,363.9 1 0
github.com/Neo4717/NeoCoin/http.go:366.2,368.23 2 0
github.com/Neo4717/NeoCoin/http.go:368.23,371.3 2 0
github.com/Neo4717/NeoCoin/http.go:372.2,372.29 1 0
github.com/Neo4717/NeoCoin/http.go:372.29,375.3 2 0
github.com/Neo4717/NeoCoin/http.go:377.2,378.45 2 0
github.com/Neo4717/NeoCoin/http.go:378.45,380.17 2 0
github.com/Neo4717/NeoCoin/http.go:380.17,383.4 2 0
github.com/Neo4717/NeoCoin/http.go:384.3,384.29 1 0
github.com/Neo4717/NeoCoin/http.go:387.2,388.16 2 0
github.com/Neo4717/NeoCoin/http.go:388.16,391.3 2 0
github.com/Neo4717/NeoCoin/http.go:392.2,393.27 2 0
github.com/Neo4717/NeoCoin/http.go:393.27,395.3 1 0
github.com/Neo4717/NeoCoin/http.go:397.2,405.4 1 0
github.com/Neo4717/NeoCoin/http.go:408.73,409.33 1 0
github.com/Neo4717/NeoCoin/http.go:409.33,412.3 2 0
github.com/Neo4717/NeoCoin/http.go:413.2,414.16 2 0
github.com/Neo4717/NeoCoin/http.go:414.16,417.3 2 0
github.com/Neo4717/NeoCoin/http.go:418.2,421.49 3 0
github.com/Neo4717/NeoCoin/http.go:421.49,424.3 2 0
github.com/Neo4717/NeoCoin/http.go:425.2,426.70 2 0
github.com/Neo4717/NeoCoin/http.go:426.70,429.22 2 0
github.com/Neo4717/NeoCoin/http.go:429.22,430.82 1 0
github.com/Neo4717/NeoCoin/http.go:430.82,432.5 1 0
github.com/Neo4717/NeoCoin/http.go:435.2,435.16 1 0
github.com/Neo4717/NeoCoin/http.go:435.16,438.3 2 0
github.com/Neo4717/NeoCoin/http.go:439.2,439.87 1 0
github.com/Neo4717/NeoCoin/http.go:442.72,443.32 1 0
github.com/Neo4717/NeoCoin/http.go:443.32,446.3 2 0
github.com/Neo4717/NeoCoin/http.go:447.2,448.16 2 0
github.com/Neo4717/NeoCoin/http.go:448.16,451.3 2 0
github.com/Neo4717/NeoCoin/http.go:452.2,453.9 2 0
github.com/Neo4717/NeoCoin/http.go:453.9,455.3 1 0
github.com/Neo4717/NeoCoin/http.go:456.2,456.112 1 0
github.com/Neo4717/NeoCoin/http.go:459.75,460.32 1 0
github.com/Neo4717/NeoCoin/http.go:460.32,463.3 2 0
github.com/Neo4717/NeoCoin/http.go:464.2,466.60 3 0
github.com/Neo4717/NeoCoin/http.go:466.60,469.3 2 0
github.com/Neo4717/NeoCoin/http.go:470.2,471.46 2 0
github.com/Neo4717/NeoCoin/http.go:471.46,474.3 2 0
github.com/Neo4717/NeoCoin/http.go:475.2,476.50 2 0
github.com/Neo4717/NeoCoin/http.go:476.50,477.46 1 0
github.com/Neo4717/NeoCoin/http.go:477.46,479.4 1 0
github.com/Neo4717/NeoCoin/http.go:481.2,482.51 2 0
github.com/Neo4717/NeoCoin/http.go:482.51,483.46 1 0
github.com/Neo4717/NeoCoin/http.go:483.46,485.4 1 0
github.com/Neo4717/NeoCoin/http.go:488.2,494.4 2 0
github.com/Neo4717/NeoCoin/http.go:505.73,506.33 1 0
github.com/Neo4717/NeoCoin/http.go:506.33,509.3 2 0
github.com/Neo4717/NeoCoin/http.go:510.2,511.16 2 0
github.com/Neo4717/NeoCoin/http.go:511.16,514.3 2 0
github.com/Neo4717/NeoCoin/http.go:515.2,518.50 3 0
github.com/Neo4717/NeoCoin/http.go:518.50,521.3 2 0
github.com/Neo4717/NeoCoin/http.go:524.2,524.21 1 0
github.com/Neo4717/NeoCoin/http.go:524.21,526.3 1 0
github.com/Neo4717/NeoCoin/http.go:527.2,527.32 1 0
github.com/Neo4717/NeoCoin/http.go:527.32,530.3 2 0
github.com/Neo4717/NeoCoin/http.go:532.2,536.74 4 0
github.com/Neo4717/NeoCoin/http.go:536.74,539.3 2 0
github.com/Neo4717/NeoCoin/http.go:540.2,540.21 1 0
github.com/Neo4717/NeoCoin/http.go:540.21,543.3 2 0
github.com/Neo4717/NeoCoin/http.go:544.2,544.17 1 0
github.com/Neo4717/NeoCoin/http.go:544.17,547.3 2 0
github.com/Neo4717/NeoCoin/http.go:550.2,551.16 2 0
github.com/Neo4717/NeoCoin/http.go:551.16,554.3 2 0
github.com/Neo4717/NeoCoin/http.go:555.2,560.28 6 0
github.com/Neo4717/NeoCoin/http.go:560.28,562.3 1 0
github.com/Neo4717/NeoCoin/http.go:565.2,565.6 1 0
github.com/Neo4717/NeoCoin/http.go:565.6,567.10 2 0
github.com/Neo4717/NeoCoin/http.go:567.10,568.9 1 0
github.com/Neo4717/NeoCoin/http.go:570.3,571.18 2 0
github.com/Neo4717/NeoCoin/http.go:574.2,575.31 2 0
github.com/Neo4717/NeoCoin/http.go:575.31,578.51 2 0
github.com/Neo4717/NeoCoin/http.go:578.51,581.4 2 0
github.com/Neo4717/NeoCoin/http.go:582.8,585.10 2 0
github.com/Neo4717/NeoCoin/http.go:585.10,588.4 2 0
github.com/Neo4717/NeoCoin/http.go:591.3,592.46 2 0
github.com/Neo4717/NeoCoin/http.go:592.46,594.11 2 0
github.com/Neo4717/NeoCoin/http.go:594.11,597.5 2 0
github.com/Neo4717/NeoCoin/http.go:598.4,598.35 1 0
github.com/Neo4717/NeoCoin/http.go:602.3,603.44 2 0
github.com/Neo4717/NeoCoin/http.go:603.44,606.4 2 0
github.com/Neo4717/NeoCoin/http.go:607.3,607.29 1 0
github.com/Neo4717/NeoCoin/http.go:607.29,610.4 2 0
github.com/Neo4717/NeoCoin/http.go:611.3,611.23 1 0
github.com/Neo4717/NeoCoin/http.go:614.2,615.17 2 0
github.com/Neo4717/NeoCoin/http.go:615.17,617.17 2 0
github.com/Neo4717/NeoCoin/http.go:617.17,620.4 2 0
github.com/Neo4717/NeoCoin/http.go:621.3,621.18 1 0
github.com/Neo4717/NeoCoin/http.go:624.2,624.32 1 0
github.com/Neo4717/NeoCoin/http.go:624.32,627.3 2 0
github.com/Neo4717/NeoCoin/http.go:628.2,630.19 3 0
github.com/Neo4717/NeoCoin/http.go:630.19,633.17 3 0
github.com/Neo4717/NeoCoin/http.go:633.17,636.4 2 0
github.com/Neo4717/NeoCoin/http.go:637.3,637.16 1 0
github.com/Neo4717/NeoCoin/http.go:637.16,640.4 2 0
github.com/Neo4717/NeoCoin/http.go:641.8,643.17 2 0
github.com/Neo4717/NeoCoin/http.go:643.17,645.46 1 0
github.com/Neo4717/NeoCoin/http.go:645.46,648.5 2 0
github.com/Neo4717/NeoCoin/http.go:649.4,650.10 2 0
github.com/Neo4717/NeoCoin/http.go:653.2,653.20 1 0
github.com/Neo4717/NeoCoin/http.go:653.20,655.3 1 0
github.com/Neo4717/NeoCoin/http.go:656.2,656.20 1 0
github.com/Neo4717/NeoCoin/http.go:656.20,657.23 1 0
github.com/Neo4717/NeoCoin/http.go:657.23,659.4 1 0
github.com/Neo4717/NeoCoin/http.go:660.3,671.5 2 0
github.com/Neo4717/NeoCoin/http.go:673.2,673.34 1 0
github.com/Neo4717/NeoCoin/http.go:673.34,675.73 2 0
github.com/Neo4717/NeoCoin/http.go:675.73,676.47 1 0
github.com/Neo4717/NeoCoin/http.go:676.47,678.5 1 0
github.com/Neo4717/NeoCoin/http.go:679.4,679.19 1 0
github.com/Neo4717/NeoCoin/http.go:680.9,682.4 1 0
github.com/Neo4717/NeoCoin/http.go:683.3,683.15 1 0
github.com/Neo4717/NeoCoin/http.go:683.15,685.4 1 0
github.com/Neo4717/NeoCoin/http.go:687.2,691.4 1 0
github.com/Neo4717/NeoCoin/http.go:694.75,695.33 1 0
github.com/Neo4717/NeoCoin/http.go:695.33,698.3 2 0
github.com/Neo4717/NeoCoin/http.go:699.2,699.42 1 0
github.com/Neo4717/NeoCoin/http.go:699.42,702.3 2 0
github.com/Neo4717/NeoCoin/http.go:703.2,703.87 1 0
github.com/Neo4717/NeoCoin/http.go:706.72,707.32 1 0
github.com/Neo4717/NeoCoin/http.go:707.32,710.3 2 0
github.com/Neo4717/NeoCoin/http.go:711.2,711.17 1 0
github.com/Neo4717/NeoCoin/http.go:711.17,714.3 2 0
github.com/Neo4717/NeoCoin/http.go:715.2,725.28 4 0
github.com/Neo4717/NeoCoin/http.go:725.28,735.3 2 0
github.com/Neo4717/NeoCoin/http.go:736.2,736.79 1 0
github.com/Neo4717/NeoCoin/http.go:739.73,740.33 1 0
github.com/Neo4717/NeoCoin/http.go:740.33,743.3 2 0
github.com/Neo4717/NeoCoin/http.go:744.2,744.20 1 0
github.com/Neo4717/NeoCoin/http.go:744.20,747.3 2 0
github.com/Neo4717/NeoCoin/http.go:748.2,749.16 2 0
github.com/Neo4717/NeoCoin/http.go:749.16,752.3 2 0
github.com/Neo4717/NeoCoin/http.go:753.2,753.14 1 0
github.com/Neo4717/NeoCoin/http.go:753.14,756.3 2 0
github.com/Neo4717/NeoCoin/http.go:757.2,763.4 1 0
github.com/Neo4717/NeoCoin/http.go:766.83,767.23 1 0
github.com/Neo4717/NeoCoin/http.go:767.23,769.3 1 0
github.com/Neo4717/NeoCoin/http.go:770.2,770.27 1 0
github.com/Neo4717/NeoCoin/http.go:770.27,772.3 1 0
github.com/Neo4717/NeoCoin/http.go:773.2,774.16 2 0
github.com/Neo4717/NeoCoin/http.go:774.16,776.3 1 0
github.com/Neo4717/NeoCoin/http.go:777.2,788.16 4 0
github.com/Neo4717/NeoCoin/http.go:788.16,790.3 1 0
github.com/Neo4717/NeoCoin/http.go:791.2,795.16 4 0
github.com/Neo4717/NeoCoin/http.go:795.16,797.3 1 0
github.com/Neo4717/NeoCoin/http.go:798.2,800.38 2 0
github.com/Neo4717/NeoCoin/http.go:800.38,802.3 1 0
github.com/Neo4717/NeoCoin/http.go:803.2,806.87 2 0
github.com/Neo4717/NeoCoin/http.go:806.87,808.3 1 0
github.com/Neo4717/NeoCoin/http.go:809.2,809.23 1 0
github.com/Neo4717/NeoCoin/http.go:812.64,818.2 5 0
github.com/Neo4717/NeoCoin/http.go:820.77,821.33 1 0
github.com/Neo4717/NeoCoin/http.go:821.33,824.3 2 0
github.com/Neo4717/NeoCoin/http.go:825.2,828.16 3 0
github.com/Neo4717/NeoCoin/http.go:828.16,831.3 2 0
github.com/Neo4717/NeoCoin/http.go:832.2,836.4 1 0
github.com/Neo4717/NeoCoin/http.go:848.75,849.33 1 0
github.com/Neo4717/NeoCoin/http.go:849.33,852.3 2 0
github.com/Neo4717/NeoCoin/http.go:853.2,856.16 3 0
github.com/Neo4717/NeoCoin/http.go:856.16,859.3 2 0
github.com/Neo4717/NeoCoin/http.go:860.2,863.51 3 0
github.com/Neo4717/NeoCoin/http.go:863.51,866.3 2 0
github.com/Neo4717/NeoCoin/http.go:868.2,868.26 1 0
github.com/Neo4717/NeoCoin/http.go:868.26,871.3 2 0
github.com/Neo4717/NeoCoin/http.go:872.2,872.25 1 0
github.com/Neo4717/NeoCoin/http.go:872.25,875.3 2 0
github.com/Neo4717/NeoCoin/http.go:876.2,876.21 1 0
github.com/Neo4717/NeoCoin/http.go:876.21,879.3 2 0
github.com/Neo4717/NeoCoin/http.go:880.2,880.18 1 0
github.com/Neo4717/NeoCoin/http.go:880.18,882.3 1 0
github.com/Neo4717/NeoCoin/http.go:884.2,885.16 2 0
github.com/Neo4717/NeoCoin/http.go:885.16,888.3 2 0
github.com/Neo4717/NeoCoin/http.go:890.2,890.20 1 0
github.com/Neo4717/NeoCoin/http.go:890.20,893.3 2 0
github.com/Neo4717/NeoCoin/http.go:895.2,908.16 4 0
github.com/Neo4717/NeoCoin/http.go:908.16,911.3 2 0
github.com/Neo4717/NeoCoin/http.go:912.2,926.4 4 0
github.com/Neo4717/NeoCoin/http.go:929.75,930.32 1 0
github.com/Neo4717/NeoCoin/http.go:930.32,933.3 2 0
github.com/Neo4717/NeoCoin/http.go:934.2,940.26 3 0
github.com/Neo4717/NeoCoin/http.go:940.26,941.46 1 0
github.com/Neo4717/NeoCoin/http.go:941.46,943.18 2 0
github.com/Neo4717/NeoCoin/http.go:943.18,944.13 1 0
github.com/Neo4717/NeoCoin/http.go:946.4,952.6 3 0
github.com/Neo4717/NeoCoin/http.go:955.2,955.73 1 0
github.com/Neo4717/NeoCoin/http.go:958.72,959.33 1 0
github.com/Neo4717/NeoCoin/http.go:959.33,962.3 2 0
github.com/Neo4717/NeoCoin/http.go:963.2,970.61 3 0
github.com/Neo4717/NeoCoin/http.go:970.61,973.3 2 0
github.com/Neo4717/NeoCoin/http.go:974.2,974.26 1 0
github.com/Neo4717/NeoCoin/http.go:974.26,975.35 1 0
github.com/Neo4717/NeoCoin/http.go:975.35,977.33 2 0
github.com/Neo4717/NeoCoin/http.go:977.33,979.5 1 0
github.com/Neo4717/NeoCoin/http.go:982.2,982.65 1 0
github.com/Neo4717/NeoCoin/http.go:985.72,986.32 1 0
github.com/Neo4717/NeoCoin/http.go:986.32,989.3 2 0
github.com/Neo4717/NeoCoin/http.go:990.2,996.4 1 0
github.com/Neo4717/NeoCoin/keystore.go:48.42,54.2 1 0
github.com/Neo4717/NeoCoin/keystore.go:56.87,57.14 1 0
github.com/Neo4717/NeoCoin/keystore.go:57.14,59.3 1 0
github.com/Neo4717/NeoCoin/keystore.go:60.2,60.20 1 0
github.com/Neo4717/NeoCoin/keystore.go:60.20,62.3 1 0
github.com/Neo4717/NeoCoin/keystore.go:63.2,63.23 1 0
github.com/Neo4717/NeoCoin/keystore.go:63.23,65.3 1 0
github.com/Neo4717/NeoCoin/keystore.go:66.2,67.36 2 0
github.com/Neo4717/NeoCoin/keystore.go:67.36,69.3 1 0
github.com/Neo4717/NeoCoin/keystore.go:70.2,70.32 1 0
github.com/Neo4717/NeoCoin/keystore.go:70.32,72.3 1 0
github.com/Neo4717/NeoCoin/keystore.go:74.2,75.43 2 0
github.com/Neo4717/NeoCoin/keystore.go:75.43,77.3 1 0
github.com/Neo4717/NeoCoin/keystore.go:79.2,81.16 3 0
github.com/Neo4717/NeoCoin/keystore.go:81.16,83.3 1 0
github.com/Neo4717/NeoCoin/keystore.go:84.2,85.16 2 0
github.com/Neo4717/NeoCoin/keystore.go:85.16,87.3 1 0
github.com/Neo4717/NeoCoin/keystore.go:88.2,89.44 2 0
github.com/Neo4717/NeoCoin/keystore.go:89.44,91.3 1 0
github.com/Neo4717/NeoCoin/keystore.go:94.2,95.16 2 0
github.com/Neo4717/NeoCoin/keystore.go:95.16,97.3 1 0
github.com/Neo4717/NeoCoin/keystore.go:98.2,116.16 4 0
github.com/Neo4717/NeoCoin/keystore.go:116.16,118.3 1 0
github.com/Neo4717/NeoCoin/keystore.go:120.2,120.92 1 0
github.com/Neo4717/NeoCoin/keystore.go:120.92,122.3 1 0
github.com/Neo4717/NeoCoin/keystore.go:123.2,124.52 2 0
github.com/Neo4717/NeoCoin/keystore.go:124.52,126.3 1 0
github.com/Neo4717/NeoCoin/keystore.go:127.2,127.29 1 0
github.com/Neo4717/NeoCoin/keystore.go:130.55,132.16 2 0
github.com/Neo4717/NeoCoin/keystore.go:132.16,134.3 1 0
github.com/Neo4717/NeoCoin/keystore.go:135.2,136.47 2 0
github.com/Neo4717/NeoCoin/keystore.go:136.47,138.3 1 0
github.com/Neo4717/NeoCoin/keystore.go:139.2,139.17 1 0
github.com/Neo4717/NeoCoin/keystore.go:142.72,144.16 2 0
github.com/Neo4717/NeoCoin/keystore.go:144.16,146.3 1 0
github.com/Neo4717/NeoCoin/keystore.go:147.2,147.21 1 0
github.com/Neo4717/NeoCoin/keystore.go:147.21,149.3 1 0
github.com/Neo4717/NeoCoin/keystore.go:150.2,150.52 1 0
github.com/Neo4717/NeoCoin/keystore.go:150.52,152.3 1 0
github.com/Neo4717/NeoCoin/keystore.go:153.2,153.72 1 0
github.com/Neo4717/NeoCoin/keystore.go:153.72,155.3 1 0
github.com/Neo4717/NeoCoin/keystore.go:156.2,156.37 1 0
github.com/Neo4717/NeoCoin/keystore.go:156.37,158.3 1 0
github.com/Neo4717/NeoCoin/keystore.go:159.2,160.16 2 0
github.com/Neo4717/NeoCoin/keystore.go:160.16,162.3 1 0
github.com/Neo4717/NeoCoin/keystore.go:163.2,164.16 2 0
github.com/Neo4717/NeoCoin/keystore.go:164.16,166.3 1 0
github.com/Neo4717/NeoCoin/keystore.go:167.2,168.16 2 0
github.com/Neo4717/NeoCoin/keystore.go:168.16,170.3 1 0
github.com/Neo4717/NeoCoin/keystore.go:172.2,172.32 1 0
github.com/Neo4717/NeoCoin/keystore.go:172.32,174.3 1 0
github.com/Neo4717/NeoCoin/keystore.go:175.2,177.16 3 0
github.com/Neo4717/NeoCoin/keystore.go:177.16,179.3 1 0
github.com/Neo4717/NeoCoin/keystore.go:180.2,181.16 2 0
github.com/Neo4717/NeoCoin/keystore.go:181.16,183.3 1 0
github.com/Neo4717/NeoCoin/keystore.go:185.2,187.16 3 0
github.com/Neo4717/NeoCoin/keystore.go:187.16,189.3 1 0
github.com/Neo4717/NeoCoin/keystore.go:191.2,192.16 2 0
github.com/Neo4717/NeoCoin/keystore.go:192.16,194.3 1 0
github.com/Neo4717/NeoCoin/keystore.go:195.2,195.29 1 0
github.com/Neo4717/NeoCoin/keystore.go:195.29,197.3 1 0
github.com/Neo4717/NeoCoin/keystore.go:198.2,198.15 1 0
github.com/Neo4717/NeoCoin/keystore.go:201.61,202.40 1 0
github.com/Neo4717/NeoCoin/keystore.go:202.40,204.3 1 0
github.com/Neo4717/NeoCoin/keystore.go:205.2,213.8 5 0
github.com/Neo4717/NeoCoin/keystore.go:217.71,223.46 5 0
github.com/Neo4717/NeoCoin/keystore.go:223.46,228.29 5 0
github.com/Neo4717/NeoCoin/keystore.go:228.29,230.32 2 0
github.com/Neo4717/NeoCoin/keystore.go:230.32,232.5 1 0
github.com/Neo4717/NeoCoin/keystore.go:234.3,234.26 1 0
github.com/Neo4717/NeoCoin/keystore.go:236.2,236.21 1 0
github.com/Neo4717/NeoCoin/keystore.go:239.42,243.2 3 0
github.com/Neo4717/NeoCoin/keystore.go:245.51,251.2 5 0
github.com/Neo4717/NeoCoin/light_client.go:30.60,39.2 1 0
github.com/Neo4717/NeoCoin/light_client.go:65.67,66.24 1 0
github.com/Neo4717/NeoCoin/light_client.go:66.24,68.3 1 0
github.com/Neo4717/NeoCoin/light_client.go:69.2,69.12 1 0
github.com/Neo4717/NeoCoin/light_client.go:72.94,73.24 1 0
github.com/Neo4717/NeoCoin/light_client.go:73.24,75.3 1 0
github.com/Neo4717/NeoCoin/light_client.go:77.2,78.16 2 0
github.com/Neo4717/NeoCoin/light_client.go:78.16,80.3 1 0
github.com/Neo4717/NeoCoin/light_client.go:82.2,83.55 2 0
github.com/Neo4717/NeoCoin/light_client.go:83.55,85.3 1 0
github.com/Neo4717/NeoCoin/light_client.go:87.2,91.12 4 0
github.com/Neo4717/NeoCoin/light_client.go:94.62,98.31 3 0
github.com/Neo4717/NeoCoin/light_client.go:98.31,100.3 1 0
github.com/Neo4717/NeoCoin/light_client.go:102.2,102.49 1 0
github.com/Neo4717/NeoCoin/light_client.go:102.49,104.32 2 0
github.com/Neo4717/NeoCoin/light_client.go:104.32,106.4 1 0
github.com/Neo4717/NeoCoin/light_client.go:107.3,107.31 1 0
github.com/Neo4717/NeoCoin/light_client.go:107.31,108.9 1 0
github.com/Neo4717/NeoCoin/light_client.go:112.2,112.14 1 0
github.com/Neo4717/NeoCoin/light_client.go:115.102,116.24 1 0
github.com/Neo4717/NeoCoin/light_client.go:116.24,118.3 1 0
github.com/Neo4717/NeoCoin/light_client.go:120.2,121.16 2 0
github.com/Neo4717/NeoCoin/light_client.go:121.16,123.3 1 0
github.com/Neo4717/NeoCoin/light_client.go:125.2,126.50 2 0
github.com/Neo4717/NeoCoin/light_client.go:126.50,128.3 1 0
github.com/Neo4717/NeoCoin/light_client.go:130.2,139.8 2 0
github.com/Neo4717/NeoCoin/light_client.go:142.67,150.34 6 0
github.com/Neo4717/NeoCoin/light_client.go:150.34,152.17 2 0
github.com/Neo4717/NeoCoin/light_client.go:152.17,153.12 1 0
github.com/Neo4717/NeoCoin/light_client.go:155.3,155.23 1 0
github.com/Neo4717/NeoCoin/light_client.go:155.23,157.4 1 0
github.com/Neo4717/NeoCoin/light_client.go:158.3,158.25 1 0
github.com/Neo4717/NeoCoin/light_client.go:158.25,160.4 1 0
github.com/Neo4717/NeoCoin/light_client.go:163.2,163.19 1 0
github.com/Neo4717/NeoCoin/light_client.go:166.79,167.24 1 0
github.com/Neo4717/NeoCoin/light_client.go:167.24,169.3 1 0
github.com/Neo4717/NeoCoin/light_client.go:171.2,172.16 2 0
github.com/Neo4717/NeoCoin/light_client.go:172.16,174.3 1 0
github.com/Neo4717/NeoCoin/light_client.go:176.2,177.51 2 0
github.com/Neo4717/NeoCoin/light_client.go:177.51,179.3 1 0
github.com/Neo4717/NeoCoin/light_client.go:181.2,185.12 4 0
github.com/Neo4717/NeoCoin/light_client.go:188.86,190.2 1 0
github.com/Neo4717/NeoCoin/light_client.go:192.90,194.2 1 0
github.com/Neo4717/NeoCoin/light_client.go:196.81,198.2 1 0
github.com/Neo4717/NeoCoin/light_client.go:205.63,212.2 3 0
github.com/Neo4717/NeoCoin/light_client.go:214.43,220.2 5 0
github.com/Neo4717/NeoCoin/light_client.go:222.83,225.16 3 0
github.com/Neo4717/NeoCoin/light_client.go:225.16,228.3 2 0
github.com/Neo4717/NeoCoin/light_client.go:229.2,229.80 1 0
github.com/Neo4717/NeoCoin/light_client.go:232.80,234.60 2 0
github.com/Neo4717/NeoCoin/light_client.go:234.60,237.3 2 0
github.com/Neo4717/NeoCoin/light_client.go:238.2,238.63 1 0
github.com/Neo4717/NeoCoin/light_client.go:241.78,244.16 3 0
github.com/Neo4717/NeoCoin/light_client.go:244.16,247.3 2 0
github.com/Neo4717/NeoCoin/light_client.go:248.2,248.31 1 0
github.com/Neo4717/NeoCoin/light_client.go:251.83,255.2 3 0
github.com/Neo4717/NeoCoin/light_client.go:257.81,263.16 5 0
github.com/Neo4717/NeoCoin/light_client.go:263.16,266.3 2 0
github.com/Neo4717/NeoCoin/light_client.go:267.2,271.4 1 0
github.com/Neo4717/NeoCoin/light_client.go:274.75,278.2 3 0
github.com/Neo4717/NeoCoin/light_client.go:284.57,285.24 1 0
github.com/Neo4717/NeoCoin/light_client.go:285.24,287.3 1 0
github.com/Neo4717/NeoCoin/light_client.go:289.2,292.21 3 0
github.com/Neo4717/NeoCoin/light_client.go:292.21,293.24 1 0
github.com/Neo4717/NeoCoin/light_client.go:293.24,295.4 1 0
github.com/Neo4717/NeoCoin/light_client.go:297.3,298.38 2 0
github.com/Neo4717/NeoCoin/light_client.go:298.38,302.4 3 0
github.com/Neo4717/NeoCoin/light_client.go:303.3,303.20 1 0
github.com/Neo4717/NeoCoin/light_client.go:306.2,306.37 1 0
github.com/Neo4717/NeoCoin/light_client.go:309.43,310.24 1 0
github.com/Neo4717/NeoCoin/light_client.go:310.24,312.3 1 0
github.com/Neo4717/NeoCoin/light_client.go:313.2,313.20 1 0
github.com/Neo4717/NeoCoin/main.go:21.28,25.16 4 1
github.com/Neo4717/NeoCoin/main.go:25.16,27.3 1 0
github.com/Neo4717/NeoCoin/main.go:28.2,28.39 1 1
github.com/Neo4717/NeoCoin/main.go:31.13,32.22 1 0
github.com/Neo4717/NeoCoin/main.go:32.22,35.3 2 0
github.com/Neo4717/NeoCoin/main.go:37.2,37.20 1 0
github.com/Neo4717/NeoCoin/main.go:38.16,40.19 2 0
github.com/Neo4717/NeoCoin/main.go:40.19,42.4 1 0
github.com/Neo4717/NeoCoin/main.go:44.3,46.49 3 0
github.com/Neo4717/NeoCoin/main.go:46.49,48.4 1 0
github.com/Neo4717/NeoCoin/main.go:50.3,51.17 2 0
github.com/Neo4717/NeoCoin/main.go:51.17,53.4 1 0
github.com/Neo4717/NeoCoin/main.go:55.3,56.17 2 0
github.com/Neo4717/NeoCoin/main.go:56.17,58.4 1 0
github.com/Neo4717/NeoCoin/main.go:60.3,67.16 6 0
github.com/Neo4717/NeoCoin/main.go:67.16,69.4 1 0
github.com/Neo4717/NeoCoin/main.go:71.3,72.37 2 0
github.com/Neo4717/NeoCoin/main.go:72.37,76.4 3 0
github.com/Neo4717/NeoCoin/main.go:78.3,80.21 3 0
github.com/Neo4717/NeoCoin/main.go:80.21,82.4 1 0
github.com/Neo4717/NeoCoin/main.go:83.3,88.19 4 0
github.com/Neo4717/NeoCoin/main.go:88.19,90.4 1 0
github.com/Neo4717/NeoCoin/main.go:91.3,92.24 2 0
github.com/Neo4717/NeoCoin/main.go:92.24,94.4 1 0
github.com/Neo4717/NeoCoin/main.go:95.3,101.15 5 0
github.com/Neo4717/NeoCoin/main.go:101.15,104.24 3 0
github.com/Neo4717/NeoCoin/main.go:104.24,106.5 1 0
github.com/Neo4717/NeoCoin/main.go:109.3,118.35 7 0
github.com/Neo4717/NeoCoin/main.go:118.35,121.4 2 0
github.com/Neo4717/NeoCoin/main.go:124.3,125.20 2 0
github.com/Neo4717/NeoCoin/main.go:125.20,127.4 1 0
github.com/Neo4717/NeoCoin/main.go:127.9,127.28 1 0
github.com/Neo4717/NeoCoin/main.go:127.28,129.4 1 0
github.com/Neo4717/NeoCoin/main.go:130.3,130.52 1 0
github.com/Neo4717/NeoCoin/main.go:130.52,133.4 2 0
github.com/Neo4717/NeoCoin/main.go:134.3,134.16 1 0
github.com/Neo4717/NeoCoin/main.go:134.16,137.14 3 0
github.com/Neo4717/NeoCoin/main.go:137.14,138.45 1 0
github.com/Neo4717/NeoCoin/main.go:138.45,140.6 1 0
github.com/Neo4717/NeoCoin/main.go:144.3,145.17 2 0
github.com/Neo4717/NeoCoin/main.go:145.17,147.4 1 0
github.com/Neo4717/NeoCoin/main.go:150.3,150.58 1 0
github.com/Neo4717/NeoCoin/main.go:150.58,151.55 1 0
github.com/Neo4717/NeoCoin/main.go:151.55,152.44 1 0
github.com/Neo4717/NeoCoin/main.go:152.44,154.6 1 0
github.com/Neo4717/NeoCoin/main.go:155.5,155.23 1 0
github.com/Neo4717/NeoCoin/main.go:155.23,157.6 1 0
github.com/Neo4717/NeoCoin/main.go:161.3,164.22 3 0
github.com/Neo4717/NeoCoin/main.go:164.22,166.4 1 0
github.com/Neo4717/NeoCoin/main.go:167.3,169.26 3 0
github.com/Neo4717/NeoCoin/main.go:169.26,171.4 1 0
github.com/Neo4717/NeoCoin/main.go:173.3,182.50 2 0
github.com/Neo4717/NeoCoin/main.go:182.50,184.4 1 0
github.com/Neo4717/NeoCoin/main.go:186.10,187.45 1 0
github.com/Neo4717/NeoCoin/main.go:187.45,191.4 3 0
github.com/Neo4717/NeoCoin/mempool.go:39.69,47.2 2 1
github.com/Neo4717/NeoCoin/mempool.go:62.39,63.18 1 1
github.com/Neo4717/NeoCoin/mempool.go:63.18,65.3 1 0
github.com/Neo4717/NeoCoin/mempool.go:66.2,71.3 1 1
github.com/Neo4717/NeoCoin/mempool.go:74.51,81.15 4 0
github.com/Neo4717/NeoCoin/mempool.go:81.15,82.31 1 0
github.com/Neo4717/NeoCoin/mempool.go:82.31,85.4 1 0
github.com/Neo4717/NeoCoin/mempool.go:89.2,90.39 2 0
github.com/Neo4717/NeoCoin/mempool.go:90.39,91.32 1 0
github.com/Neo4717/NeoCoin/mempool.go:91.32,94.4 2 0
github.com/Neo4717/NeoCoin/mempool.go:98.2,98.49 1 0
github.com/Neo4717/NeoCoin/mempool.go:98.49,100.17 2 0
github.com/Neo4717/NeoCoin/mempool.go:100.17,102.4 1 0
github.com/Neo4717/NeoCoin/mempool.go:104.3,118.19 4 0
github.com/Neo4717/NeoCoin/mempool.go:118.19,121.4 2 0
github.com/Neo4717/NeoCoin/mempool.go:123.3,123.17 1 0
github.com/Neo4717/NeoCoin/mempool.go:123.17,126.4 2 0
github.com/Neo4717/NeoCoin/mempool.go:128.3,128.60 1 0
github.com/Neo4717/NeoCoin/mempool.go:131.2,131.12 1 0
github.com/Neo4717/NeoCoin/mempool.go:134.56,138.2 3 0
github.com/Neo4717/NeoCoin/mempool.go:140.46,142.2 1 0
github.com/Neo4717/NeoCoin/mempool.go:144.30,148.2 3 1
github.com/Neo4717/NeoCoin/mempool.go:150.55,153.2 1 0
github.com/Neo4717/NeoCoin/mempool.go:155.110,157.35 2 0
github.com/Neo4717/NeoCoin/mempool.go:157.35,159.46 1 0
github.com/Neo4717/NeoCoin/mempool.go:159.46,161.4 1 0
github.com/Neo4717/NeoCoin/mempool.go:161.9,163.4 1 0
github.com/Neo4717/NeoCoin/mempool.go:164.3,164.17 1 0
github.com/Neo4717/NeoCoin/mempool.go:164.17,166.4 1 0
github.com/Neo4717/NeoCoin/mempool.go:168.2,169.16 2 0
github.com/Neo4717/NeoCoin/mempool.go:169.16,171.3 1 0
github.com/Neo4717/NeoCoin/mempool.go:173.2,173.40 1 0
github.com/Neo4717/NeoCoin/mempool.go:173.40,175.3 1 0
github.com/Neo4717/NeoCoin/mempool.go:177.2,180.34 3 0
github.com/Neo4717/NeoCoin/mempool.go:180.34,182.3 1 0
github.com/Neo4717/NeoCoin/mempool.go:183.2,183.63 1 0
github.com/Neo4717/NeoCoin/mempool.go:183.63,185.3 1 0
github.com/Neo4717/NeoCoin/mempool.go:186.2,186.33 1 0
github.com/Neo4717/NeoCoin/mempool.go:186.33,189.19 2 0
github.com/Neo4717/NeoCoin/mempool.go:189.19,191.4 1 0
github.com/Neo4717/NeoCoin/mempool.go:192.3,192.38 1 0
github.com/Neo4717/NeoCoin/mempool.go:195.2,197.18 3 0
github.com/Neo4717/NeoCoin/mempool.go:203.80,206.2 1 0
github.com/Neo4717/NeoCoin/mempool.go:208.135,210.35 2 0
github.com/Neo4717/NeoCoin/mempool.go:210.35,212.46 1 0
github.com/Neo4717/NeoCoin/mempool.go:212.46,214.4 1 0
github.com/Neo4717/NeoCoin/mempool.go:214.9,216.4 1 0
github.com/Neo4717/NeoCoin/mempool.go:217.3,217.17 1 0
github.com/Neo4717/NeoCoin/mempool.go:217.17,219.4 1 0
github.com/Neo4717/NeoCoin/mempool.go:221.2,222.16 2 0
github.com/Neo4717/NeoCoin/mempool.go:222.16,224.3 1 0
github.com/Neo4717/NeoCoin/mempool.go:226.2,230.9 4 0
github.com/Neo4717/NeoCoin/mempool.go:230.9,232.3 1 0
github.com/Neo4717/NeoCoin/mempool.go:233.2,234.31 2 0
github.com/Neo4717/NeoCoin/mempool.go:234.31,236.3 1 0
github.com/Neo4717/NeoCoin/mempool.go:239.2,242.34 2 0
github.com/Neo4717/NeoCoin/mempool.go:242.34,245.3 1 0
github.com/Neo4717/NeoCoin/mempool.go:246.2,248.33 3 0
github.com/Neo4717/NeoCoin/mempool.go:251.39,255.2 3 0
github.com/Neo4717/NeoCoin/mempool.go:257.46,260.27 3 0
github.com/Neo4717/NeoCoin/mempool.go:260.27,262.3 1 0
github.com/Neo4717/NeoCoin/mempool.go:265.45,269.30 4 0
github.com/Neo4717/NeoCoin/mempool.go:269.30,271.3 1 0
github.com/Neo4717/NeoCoin/mempool.go:272.2,272.12 1 0
github.com/Neo4717/NeoCoin/mempool.go:275.59,277.42 2 0
github.com/Neo4717/NeoCoin/mempool.go:277.42,278.45 1 0
github.com/Neo4717/NeoCoin/mempool.go:278.45,280.4 1 0
github.com/Neo4717/NeoCoin/mempool.go:281.3,281.57 1 0
github.com/Neo4717/NeoCoin/mempool.go:283.2,283.16 1 0
github.com/Neo4717/NeoCoin/mempool.go:286.68,290.53 4 0
github.com/Neo4717/NeoCoin/mempool.go:290.53,292.35 2 0
github.com/Neo4717/NeoCoin/mempool.go:292.35,294.4 1 0
github.com/Neo4717/NeoCoin/mempool.go:296.2,296.38 1 0
github.com/Neo4717/NeoCoin/mempool.go:296.38,296.82 1 0
github.com/Neo4717/NeoCoin/mempool.go:297.2,297.12 1 0
github.com/Neo4717/NeoCoin/mempool.go:300.88,304.9 4 0
github.com/Neo4717/NeoCoin/mempool.go:304.9,306.3 1 0
github.com/Neo4717/NeoCoin/mempool.go:307.2,308.14 2 0
github.com/Neo4717/NeoCoin/mempool.go:311.44,314.31 3 0
github.com/Neo4717/NeoCoin/mempool.go:314.31,315.27 1 0
github.com/Neo4717/NeoCoin/mempool.go:315.27,318.4 2 0
github.com/Neo4717/NeoCoin/mempool.go:320.2,320.17 1 0
github.com/Neo4717/NeoCoin/mempool.go:323.58,325.9 2 0
github.com/Neo4717/NeoCoin/mempool.go:325.9,327.3 1 0
github.com/Neo4717/NeoCoin/mempool.go:328.2,332.16 3 0
github.com/Neo4717/NeoCoin/mempool.go:332.16,334.3 1 0
github.com/Neo4717/NeoCoin/mempool.go:335.2,336.31 2 0
github.com/Neo4717/NeoCoin/mempool.go:336.31,338.17 2 0
github.com/Neo4717/NeoCoin/mempool.go:338.17,339.12 1 0
github.com/Neo4717/NeoCoin/mempool.go:341.3,341.47 1 0
github.com/Neo4717/NeoCoin/mempool.go:341.47,343.4 1 0
github.com/Neo4717/NeoCoin/mempool.go:347.75,348.38 1 0
github.com/Neo4717/NeoCoin/mempool.go:348.38,350.3 1 0
github.com/Neo4717/NeoCoin/mempool.go:351.2,351.41 1 0
github.com/Neo4717/NeoCoin/mempool.go:354.45,356.9 2 0
github.com/Neo4717/NeoCoin/mempool.go:356.9,358.3 1 0
github.com/Neo4717/NeoCoin/mempool.go:359.2,361.16 3 0
github.com/Neo4717/NeoCoin/mempool.go:361.16,363.3 1 0
github.com/Neo4717/NeoCoin/mempool.go:364.2,364.34 1 0
github.com/Neo4717/NeoCoin/mempool.go:364.34,365.48 1 0
github.com/Neo4717/NeoCoin/mempool.go:365.48,367.4 1 0
github.com/Neo4717/NeoCoin/mempool.go:368.3,368.38 1 0
github.com/Neo4717/NeoCoin/mempool.go:368.38,370.4 1 0
github.com/Neo4717/NeoCoin/mempool.go:374.84,377.54 2 0
github.com/Neo4717/NeoCoin/mempool.go:377.54,380.3 2 0
github.com/Neo4717/NeoCoin/mempool.go:382.2,382.49 1 0
github.com/Neo4717/NeoCoin/mempool.go:382.49,383.16 1 0
github.com/Neo4717/NeoCoin/mempool.go:383.16,386.4 2 0
github.com/Neo4717/NeoCoin/mempool.go:388.2,388.16 1 0
github.com/Neo4717/NeoCoin/merkle.go:17.50,18.22 1 1
github.com/Neo4717/NeoCoin/merkle.go:18.22,20.3 1 0
github.com/Neo4717/NeoCoin/merkle.go:21.2,22.27 2 1
github.com/Neo4717/NeoCoin/merkle.go:22.27,23.19 1 1
github.com/Neo4717/NeoCoin/merkle.go:23.19,25.4 1 0
github.com/Neo4717/NeoCoin/merkle.go:26.3,26.37 1 1
github.com/Neo4717/NeoCoin/merkle.go:28.2,28.21 1 1
github.com/Neo4717/NeoCoin/merkle.go:28.21,30.38 2 1
github.com/Neo4717/NeoCoin/merkle.go:30.38,33.24 3 1
github.com/Neo4717/NeoCoin/merkle.go:33.24,35.5 1 1
github.com/Neo4717/NeoCoin/merkle.go:36.4,36.46 1 1
github.com/Neo4717/NeoCoin/merkle.go:38.3,38.15 1 1
github.com/Neo4717/NeoCoin/merkle.go:40.2,40.46 1 1
github.com/Neo4717/NeoCoin/merkle.go:46.108,47.22 1 1
github.com/Neo4717/NeoCoin/merkle.go:47.22,49.3 1 0
github.com/Neo4717/NeoCoin/merkle.go:50.2,50.39 1 1
github.com/Neo4717/NeoCoin/merkle.go:50.39,52.3 1 0
github.com/Neo4717/NeoCoin/merkle.go:53.2,54.27 2 1
github.com/Neo4717/NeoCoin/merkle.go:54.27,55.19 1 1
github.com/Neo4717/NeoCoin/merkle.go:55.19,57.4 1 0
github.com/Neo4717/NeoCoin/merkle.go:58.3,58.37 1 1
github.com/Neo4717/NeoCoin/merkle.go:61.2,62.21 2 1
github.com/Neo4717/NeoCoin/merkle.go:62.21,65.17 3 1
github.com/Neo4717/NeoCoin/merkle.go:65.17,68.26 2 1
github.com/Neo4717/NeoCoin/merkle.go:68.26,70.5 1 1
github.com/Neo4717/NeoCoin/merkle.go:70.10,72.5 1 1
github.com/Neo4717/NeoCoin/merkle.go:73.9,77.4 2 1
github.com/Neo4717/NeoCoin/merkle.go:78.3,82.38 4 1
github.com/Neo4717/NeoCoin/merkle.go:82.38,85.24 3 1
github.com/Neo4717/NeoCoin/merkle.go:85.24,87.5 1 1
github.com/Neo4717/NeoCoin/merkle.go:88.4,88.46 1 1
github.com/Neo4717/NeoCoin/merkle.go:90.3,91.16 2 1
github.com/Neo4717/NeoCoin/merkle.go:93.2,93.67 1 1
github.com/Neo4717/NeoCoin/merkle.go:98.120,99.21 1 1
github.com/Neo4717/NeoCoin/merkle.go:99.21,101.3 1 0
github.com/Neo4717/NeoCoin/merkle.go:102.2,102.29 1 1
github.com/Neo4717/NeoCoin/merkle.go:102.29,104.3 1 0
github.com/Neo4717/NeoCoin/merkle.go:105.2,105.37 1 1
github.com/Neo4717/NeoCoin/merkle.go:105.37,107.3 1 0
github.com/Neo4717/NeoCoin/merkle.go:108.2,108.15 1 1
github.com/Neo4717/NeoCoin/merkle.go:108.15,110.3 1 0
github.com/Neo4717/NeoCoin/merkle.go:112.2,114.35 3 1
github.com/Neo4717/NeoCoin/merkle.go:114.35,116.21 2 1
github.com/Neo4717/NeoCoin/merkle.go:116.21,118.4 1 0
github.com/Neo4717/NeoCoin/merkle.go:120.3,120.21 1 1
github.com/Neo4717/NeoCoin/merkle.go:120.21,122.4 1 1
github.com/Neo4717/NeoCoin/merkle.go:122.9,124.4 1 1
github.com/Neo4717/NeoCoin/merkle.go:125.3,125.16 1 1
github.com/Neo4717/NeoCoin/merkle.go:127.2,128.49 2 1
github.com/Neo4717/NeoCoin/merkle.go:131.35,137.2 5 1
github.com/Neo4717/NeoCoin/merkle.go:139.42,146.2 6 1
github.com/Neo4717/NeoCoin/metrics.go:32.32,36.2 2 0
github.com/Neo4717/NeoCoin/metrics.go:38.46,41.31 3 0
github.com/Neo4717/NeoCoin/metrics.go:41.31,42.20 1 0
github.com/Neo4717/NeoCoin/metrics.go:42.20,44.4 1 0
github.com/Neo4717/NeoCoin/metrics.go:48.75,56.2 1 0
github.com/Neo4717/NeoCoin/metrics.go:58.76,59.29 1 0
github.com/Neo4717/NeoCoin/metrics.go:59.29,61.3 1 0
github.com/Neo4717/NeoCoin/metrics.go:62.2,65.39 4 0
github.com/Neo4717/NeoCoin/metrics.go:65.39,67.3 1 0
github.com/Neo4717/NeoCoin/metrics.go:68.2,70.14 3 0
github.com/Neo4717/NeoCoin/metrics.go:70.14,73.3 2 0
github.com/Neo4717/NeoCoin/metrics.go:74.2,74.20 1 0
github.com/Neo4717/NeoCoin/metrics.go:77.69,78.32 1 0
github.com/Neo4717/NeoCoin/metrics.go:78.32,81.3 2 0
github.com/Neo4717/NeoCoin/metrics.go:82.2,82.14 1 0
github.com/Neo4717/NeoCoin/metrics.go:82.14,85.3 2 0
github.com/Neo4717/NeoCoin/metrics.go:87.2,97.51 4 0
github.com/Neo4717/NeoCoin/metrics.go:97.51,99.33 2 0
github.com/Neo4717/NeoCoin/metrics.go:99.33,101.4 1 0
github.com/Neo4717/NeoCoin/metrics.go:103.2,103.40 1 0
github.com/Neo4717/NeoCoin/metrics.go:103.40,111.3 2 0
github.com/Neo4717/NeoCoin/metrics.go:112.2,118.17 5 0
github.com/Neo4717/NeoCoin/metrics.go:118.17,120.3 1 0
github.com/Neo4717/NeoCoin/metrics.go:121.2,122.20 2 0
github.com/Neo4717/NeoCoin/metrics.go:122.20,124.3 1 0
github.com/Neo4717/NeoCoin/metrics.go:126.2,133.45 6 0
github.com/Neo4717/NeoCoin/metrics.go:133.45,135.3 1 0
github.com/Neo4717/NeoCoin/metrics.go:137.2,174.41 28 0
github.com/Neo4717/NeoCoin/metrics.go:174.41,176.3 1 0
github.com/Neo4717/NeoCoin/metrics.go:177.2,178.31 2 0
github.com/Neo4717/NeoCoin/metrics.go:178.31,181.30 3 0
github.com/Neo4717/NeoCoin/metrics.go:181.30,183.4 1 0
github.com/Neo4717/NeoCoin/metrics.go:184.3,185.30 2 0
github.com/Neo4717/NeoCoin/metrics.go:185.30,187.4 1 0
github.com/Neo4717/NeoCoin/metrics.go:190.2,192.31 3 0
github.com/Neo4717/NeoCoin/metrics.go:192.31,194.15 2 0
github.com/Neo4717/NeoCoin/metrics.go:194.15,195.12 1 0
github.com/Neo4717/NeoCoin/metrics.go:197.3,198.32 2 0
github.com/Neo4717/NeoCoin/metrics.go:198.32,201.4 2 0
github.com/Neo4717/NeoCoin/metrics.go:202.3,204.90 3 0
github.com/Neo4717/NeoCoin/metrics.go:207.2,208.29 2 0
github.com/Neo4717/NeoCoin/metrics_advanced.go:26.46,32.2 1 0
github.com/Neo4717/NeoCoin/metrics_advanced.go:34.92,43.2 7 0
github.com/Neo4717/NeoCoin/metrics_advanced.go:45.62,50.2 4 0
github.com/Neo4717/NeoCoin/metrics_advanced.go:52.56,56.21 4 0
github.com/Neo4717/NeoCoin/metrics_advanced.go:56.21,58.3 1 0
github.com/Neo4717/NeoCoin/metrics_advanced.go:61.56,65.2 3 0
github.com/Neo4717/NeoCoin/metrics_advanced.go:67.42,71.2 3 0
github.com/Neo4717/NeoCoin/metrics_advanced.go:73.56,93.2 4 0
github.com/Neo4717/NeoCoin/metrics_advanced.go:95.78,98.30 2 0
github.com/Neo4717/NeoCoin/metrics_advanced.go:98.30,101.3 2 0
github.com/Neo4717/NeoCoin/metrics_advanced.go:103.2,103.29 1 0
github.com/Neo4717/NeoCoin/metrics_advanced.go:103.29,115.3 6 0
github.com/Neo4717/NeoCoin/metrics_advanced.go:117.2,117.49 1 0
github.com/Neo4717/NeoCoin/metrics_advanced.go:120.55,160.2 3 0
github.com/Neo4717/NeoCoin/middleware.go:22.55,25.2 2 0
github.com/Neo4717/NeoCoin/middleware.go:32.54,35.2 2 0
github.com/Neo4717/NeoCoin/middleware.go:37.72,39.9 2 0
github.com/Neo4717/NeoCoin/middleware.go:39.9,41.3 1 0
github.com/Neo4717/NeoCoin/middleware.go:42.2,42.19 1 0
github.com/Neo4717/NeoCoin/middleware.go:52.116,53.54 1 0
github.com/Neo4717/NeoCoin/middleware.go:53.54,61.24 6 0
github.com/Neo4717/NeoCoin/middleware.go:61.24,63.51 2 0
github.com/Neo4717/NeoCoin/middleware.go:63.51,64.23 1 0
github.com/Neo4717/NeoCoin/middleware.go:64.23,66.6 1 0
github.com/Neo4717/NeoCoin/middleware.go:67.5,73.11 3 0
github.com/Neo4717/NeoCoin/middleware.go:77.3,77.12 1 0
github.com/Neo4717/NeoCoin/middleware.go:77.12,78.27 1 0
github.com/Neo4717/NeoCoin/middleware.go:78.27,86.5 3 0
github.com/Neo4717/NeoCoin/middleware.go:87.4,87.41 1 0
github.com/Neo4717/NeoCoin/middleware.go:87.41,95.5 3 0
github.com/Neo4717/NeoCoin/middleware.go:98.3,98.118 1 0
github.com/Neo4717/NeoCoin/middleware.go:98.118,100.4 1 0
github.com/Neo4717/NeoCoin/middleware.go:102.3,104.39 3 0
github.com/Neo4717/NeoCoin/middleware.go:108.79,109.23 1 0
github.com/Neo4717/NeoCoin/middleware.go:109.23,111.3 1 0
github.com/Neo4717/NeoCoin/middleware.go:114.60,115.20 1 0
github.com/Neo4717/NeoCoin/middleware.go:115.20,117.3 1 0
github.com/Neo4717/NeoCoin/middleware.go:118.2,120.38 3 0
github.com/Neo4717/NeoCoin/middleware.go:120.38,122.3 1 0
github.com/Neo4717/NeoCoin/middleware.go:123.2,124.24 2 0
github.com/Neo4717/NeoCoin/middleware.go:127.28,129.43 2 0
github.com/Neo4717/NeoCoin/middleware.go:129.43,131.3 1 0
github.com/Neo4717/NeoCoin/middleware.go:133.2,133.53 1 0
github.com/Neo4717/NeoCoin/middleware.go:136.56,137.16 1 0
github.com/Neo4717/NeoCoin/middleware.go:137.16,139.16 2 0
github.com/Neo4717/NeoCoin/middleware.go:139.16,141.22 2 0
github.com/Neo4717/NeoCoin/middleware.go:141.22,143.31 2 0
github.com/Neo4717/NeoCoin/middleware.go:143.31,145.6 1 0
github.com/Neo4717/NeoCoin/middleware.go:149.2,150.30 2 0
github.com/Neo4717/NeoCoin/middleware.go:150.30,152.3 1 0
github.com/Neo4717/NeoCoin/middleware.go:153.2,153.21 1 0
github.com/Neo4717/NeoCoin/middleware.go:174.58,175.28 1 0
github.com/Neo4717/NeoCoin/middleware.go:175.28,177.3 1 0
github.com/Neo4717/NeoCoin/middleware.go:178.2,184.3 1 0
github.com/Neo4717/NeoCoin/middleware.go:187.64,188.14 1 0
github.com/Neo4717/NeoCoin/middleware.go:188.14,190.3 1 0
github.com/Neo4717/NeoCoin/middleware.go:191.2,191.14 1 0
github.com/Neo4717/NeoCoin/middleware.go:191.14,193.3 1 0
github.com/Neo4717/NeoCoin/middleware.go:194.2,200.14 5 0
github.com/Neo4717/NeoCoin/middleware.go:200.14,203.3 2 0
github.com/Neo4717/NeoCoin/middleware.go:206.2,207.17 2 0
github.com/Neo4717/NeoCoin/middleware.go:207.17,209.25 2 0
github.com/Neo4717/NeoCoin/middleware.go:209.25,211.4 1 0
github.com/Neo4717/NeoCoin/middleware.go:212.3,212.15 1 0
github.com/Neo4717/NeoCoin/middleware.go:214.2,216.19 2 0
github.com/Neo4717/NeoCoin/middleware.go:216.19,220.3 3 0
github.com/Neo4717/NeoCoin/middleware.go:222.2,224.13 3 0
github.com/Neo4717/NeoCoin/middleware.go:224.13,226.3 1 0
github.com/Neo4717/NeoCoin/middleware.go:227.2,228.57 2 0
github.com/Neo4717/NeoCoin/middleware.go:231.52,233.40 1 0
github.com/Neo4717/NeoCoin/middleware.go:233.40,235.3 1 0
github.com/Neo4717/NeoCoin/middleware.go:236.2,238.31 3 0
github.com/Neo4717/NeoCoin/middleware.go:238.31,239.32 1 0
github.com/Neo4717/NeoCoin/middleware.go:239.32,241.4 1 0
github.com/Neo4717/NeoCoin/miner.go:24.93,25.24 1 0
github.com/Neo4717/NeoCoin/miner.go:25.24,27.3 1 0
github.com/Neo4717/NeoCoin/miner.go:28.2,35.3 1 0
github.com/Neo4717/NeoCoin/miner.go:38.46,42.2 3 0
github.com/Neo4717/NeoCoin/miner.go:44.24,45.9 1 0
github.com/Neo4717/NeoCoin/miner.go:46.30,46.30 0 0
github.com/Neo4717/NeoCoin/miner.go:47.10,47.10 0 0
github.com/Neo4717/NeoCoin/miner.go:51.66,52.19 1 0
github.com/Neo4717/NeoCoin/miner.go:52.19,54.3 1 0
github.com/Neo4717/NeoCoin/miner.go:55.2,59.6 4 0
github.com/Neo4717/NeoCoin/miner.go:59.6,60.10 1 0
github.com/Neo4717/NeoCoin/miner.go:61.21,62.10 1 0
github.com/Neo4717/NeoCoin/miner.go:63.14,64.33 1 0
github.com/Neo4717/NeoCoin/miner.go:65.19,66.33 1 0
github.com/Neo4717/NeoCoin/miner.go:71.75,72.17 1 0
github.com/Neo4717/NeoCoin/miner.go:72.17,74.3 1 0
github.com/Neo4717/NeoCoin/miner.go:76.2,77.16 2 0
github.com/Neo4717/NeoCoin/miner.go:77.16,80.3 2 0
github.com/Neo4717/NeoCoin/miner.go:82.2,83.38 2 0
github.com/Neo4717/NeoCoin/miner.go:83.38,85.3 1 0
github.com/Neo4717/NeoCoin/miner.go:87.2,88.16 2 0
github.com/Neo4717/NeoCoin/miner.go:88.16,91.3 2 0
github.com/Neo4717/NeoCoin/miner.go:92.2,92.26 1 0
github.com/Neo4717/NeoCoin/miner.go:92.26,97.18 5 0
github.com/Neo4717/NeoCoin/miner.go:97.18,107.4 2 0
github.com/Neo4717/NeoCoin/miner.go:109.2,109.15 1 0
github.com/Neo4717/NeoCoin/monetary_policy.go:17.59,18.28 1 1
github.com/Neo4717/NeoCoin/monetary_policy.go:18.28,20.3 1 0
github.com/Neo4717/NeoCoin/monetary_policy.go:21.2,22.20 2 1
github.com/Neo4717/NeoCoin/monetary_policy.go:22.20,24.3 1 0
github.com/Neo4717/NeoCoin/monetary_policy.go:25.2,26.40 2 1
github.com/Neo4717/NeoCoin/monetary_policy.go:26.40,28.3 1 0
github.com/Neo4717/NeoCoin/monetary_policy.go:29.2,29.17 1 1
github.com/Neo4717/NeoCoin/monetary_policy.go:29.17,31.3 1 0
github.com/Neo4717/NeoCoin/monetary_policy.go:32.2,32.15 1 1
github.com/Neo4717/NeoCoin/monetary_policy.go:35.65,36.44 1 0
github.com/Neo4717/NeoCoin/monetary_policy.go:36.44,38.3 1 0
github.com/Neo4717/NeoCoin/monetary_policy.go:39.2,39.50 1 0
github.com/Neo4717/NeoCoin/monetary_policy.go:42.42,43.54 1 1
github.com/Neo4717/NeoCoin/monetary_policy.go:43.54,45.3 1 0
github.com/Neo4717/NeoCoin/monetary_policy.go:46.2,46.28 1 1
github.com/Neo4717/NeoCoin/monetary_policy.go:46.28,48.3 1 0
github.com/Neo4717/NeoCoin/monetary_policy.go:49.2,49.27 1 1
github.com/Neo4717/NeoCoin/monetary_policy.go:49.27,51.3 1 0
github.com/Neo4717/NeoCoin/monetary_policy.go:52.2,52.12 1 1
github.com/Neo4717/NeoCoin/monetary_policy.go:62.71,63.19 1 1
github.com/Neo4717/NeoCoin/monetary_policy.go:63.19,65.3 1 0
github.com/Neo4717/NeoCoin/monetary_policy.go:66.2,69.41 4 1
github.com/Neo4717/NeoCoin/monetary_policy.go:69.41,71.3 1 0
github.com/Neo4717/NeoCoin/monetary_policy.go:72.2,72.35 1 1
github.com/Neo4717/NeoCoin/monetary_policy.go:72.35,74.3 1 0
github.com/Neo4717/NeoCoin/monetary_policy.go:75.2,75.32 1 1
github.com/Neo4717/NeoCoin/monetary_policy.go:75.32,77.3 1 0
github.com/Neo4717/NeoCoin/monetary_policy.go:78.2,78.30 1 1
github.com/Neo4717/NeoCoin/monetary_policy.go:78.30,80.3 1 0
github.com/Neo4717/NeoCoin/monetary_policy.go:82.2,87.29 2 1
github.com/Neo4717/NeoCoin/monetary_policy.go:87.29,89.3 1 1
github.com/Neo4717/NeoCoin/monetary_policy.go:90.2,90.37 1 1
github.com/Neo4717/NeoCoin/monetary_policy.go:90.37,92.3 1 0
github.com/Neo4717/NeoCoin/monetary_policy.go:93.2,93.15 1 1
github.com/Neo4717/NeoCoin/multisig.go:16.93,17.48 1 0
github.com/Neo4717/NeoCoin/multisig.go:17.48,19.3 1 0
github.com/Neo4717/NeoCoin/multisig.go:21.2,23.45 3 0
github.com/Neo4717/NeoCoin/multisig.go:23.45,25.3 1 0
github.com/Neo4717/NeoCoin/multisig.go:27.2,30.8 1 0
github.com/Neo4717/NeoCoin/multisig.go:33.43,35.34 2 0
github.com/Neo4717/NeoCoin/multisig.go:35.34,37.3 1 0
github.com/Neo4717/NeoCoin/multisig.go:39.2,41.33 3 0
github.com/Neo4717/NeoCoin/multisig.go:44.48,46.2 1 0
github.com/Neo4717/NeoCoin/multisig.go:48.45,50.2 1 0
github.com/Neo4717/NeoCoin/multisig.go:52.77,53.48 1 0
github.com/Neo4717/NeoCoin/multisig.go:53.48,55.3 1 0
github.com/Neo4717/NeoCoin/multisig.go:57.2,58.32 2 0
github.com/Neo4717/NeoCoin/multisig.go:58.32,60.39 2 0
github.com/Neo4717/NeoCoin/multisig.go:60.39,62.4 1 0
github.com/Neo4717/NeoCoin/multisig.go:63.3,63.64 1 0
github.com/Neo4717/NeoCoin/multisig.go:66.2,67.16 2 0
github.com/Neo4717/NeoCoin/multisig.go:67.16,69.3 1 0
github.com/Neo4717/NeoCoin/multisig.go:71.2,71.30 1 0
github.com/Neo4717/NeoCoin/multisig.go:74.74,75.48 1 0
github.com/Neo4717/NeoCoin/multisig.go:75.48,77.3 1 0
github.com/Neo4717/NeoCoin/multisig.go:78.2,78.17 1 0
github.com/Neo4717/NeoCoin/p2p_auth.go:25.69,32.38 2 0
github.com/Neo4717/NeoCoin/p2p_auth.go:32.38,35.3 2 0
github.com/Neo4717/NeoCoin/p2p_auth.go:36.2,36.13 1 0
github.com/Neo4717/NeoCoin/p2p_auth.go:39.58,41.53 2 0
github.com/Neo4717/NeoCoin/p2p_auth.go:41.53,43.3 1 0
github.com/Neo4717/NeoCoin/p2p_auth.go:44.2,44.63 1 0
github.com/Neo4717/NeoCoin/p2p_auth.go:47.70,48.25 1 0
github.com/Neo4717/NeoCoin/p2p_auth.go:48.25,50.3 1 0
github.com/Neo4717/NeoCoin/p2p_auth.go:51.2,52.52 2 0
github.com/Neo4717/NeoCoin/p2p_auth.go:55.81,59.34 3 0
github.com/Neo4717/NeoCoin/p2p_auth.go:59.34,60.51 1 0
github.com/Neo4717/NeoCoin/p2p_auth.go:60.51,62.4 1 0
github.com/Neo4717/NeoCoin/p2p_auth.go:65.2,66.16 2 0
github.com/Neo4717/NeoCoin/p2p_auth.go:66.16,68.3 1 0
github.com/Neo4717/NeoCoin/p2p_auth.go:70.2,71.75 2 0
github.com/Neo4717/NeoCoin/p2p_auth.go:74.42,77.2 2 0
github.com/Neo4717/NeoCoin/p2p_auth.go:79.55,83.2 3 0
github.com/Neo4717/NeoCoin/p2p_auth.go:85.41,87.2 1 0
github.com/Neo4717/NeoCoin/p2p_auth.go:89.44,90.25 1 0
github.com/Neo4717/NeoCoin/p2p_auth.go:90.25,92.3 1 0
github.com/Neo4717/NeoCoin/p2p_auth.go:93.2,93.70 1 0
github.com/Neo4717/NeoCoin/p2p_auth.go:103.88,110.2 1 0
github.com/Neo4717/NeoCoin/p2p_auth.go:113.89,115.67 2 0
github.com/Neo4717/NeoCoin/p2p_auth.go:115.67,117.3 1 0
github.com/Neo4717/NeoCoin/p2p_auth.go:119.2,120.21 2 0
github.com/Neo4717/NeoCoin/p2p_auth.go:120.21,122.3 1 0
github.com/Neo4717/NeoCoin/p2p_auth.go:124.2,125.16 2 0
github.com/Neo4717/NeoCoin/p2p_auth.go:125.16,127.3 1 0
github.com/Neo4717/NeoCoin/p2p_auth.go:129.2,135.105 2 0
github.com/Neo4717/NeoCoin/p2p_auth.go:135.105,137.3 1 0
github.com/Neo4717/NeoCoin/p2p_auth.go:139.2,142.12 3 0
github.com/Neo4717/NeoCoin/p2p_auth.go:151.73,157.2 1 0
github.com/Neo4717/NeoCoin/p2p_auth.go:159.114,161.16 2 0
github.com/Neo4717/NeoCoin/p2p_auth.go:161.16,163.3 1 0
github.com/Neo4717/NeoCoin/p2p_auth.go:165.2,171.108 2 0
github.com/Neo4717/NeoCoin/p2p_auth.go:171.108,173.3 1 0
github.com/Neo4717/NeoCoin/p2p_auth.go:175.2,178.12 3 0
github.com/Neo4717/NeoCoin/p2p_auth.go:181.60,182.31 1 0
github.com/Neo4717/NeoCoin/p2p_auth.go:182.31,184.3 1 0
github.com/Neo4717/NeoCoin/p2p_auth.go:185.2,186.11 2 0
github.com/Neo4717/NeoCoin/p2p_auth.go:189.59,191.2 1 0
github.com/Neo4717/NeoCoin/p2p_auth.go:194.37,197.2 2 0
github.com/Neo4717/NeoCoin/p2p_client.go:22.79,23.37 1 0
github.com/Neo4717/NeoCoin/p2p_client.go:23.37,25.3 1 0
github.com/Neo4717/NeoCoin/p2p_client.go:26.2,33.3 1 0
github.com/Neo4717/NeoCoin/p2p_client.go:36.131,38.16 2 0
github.com/Neo4717/NeoCoin/p2p_client.go:38.16,40.3 1 0
github.com/Neo4717/NeoCoin/p2p_client.go:42.2,44.16 3 0
github.com/Neo4717/NeoCoin/p2p_client.go:44.16,46.3 1 0
github.com/Neo4717/NeoCoin/p2p_client.go:47.2,52.137 3 0
github.com/Neo4717/NeoCoin/p2p_client.go:52.137,54.3 1 0
github.com/Neo4717/NeoCoin/p2p_client.go:55.2,56.16 2 0
github.com/Neo4717/NeoCoin/p2p_client.go:56.16,58.3 1 0
github.com/Neo4717/NeoCoin/p2p_client.go:59.2,60.50 2 0
github.com/Neo4717/NeoCoin/p2p_client.go:60.50,62.3 1 0
github.com/Neo4717/NeoCoin/p2p_client.go:63.2,63.25 1 0
github.com/Neo4717/NeoCoin/p2p_client.go:63.25,65.3 1 0
github.com/Neo4717/NeoCoin/p2p_client.go:66.2,67.60 2 0
github.com/Neo4717/NeoCoin/p2p_client.go:67.60,69.3 1 0
github.com/Neo4717/NeoCoin/p2p_client.go:70.2,70.55 1 0
github.com/Neo4717/NeoCoin/p2p_client.go:70.55,72.3 1 0
github.com/Neo4717/NeoCoin/p2p_client.go:73.2,73.57 1 0
github.com/Neo4717/NeoCoin/p2p_client.go:73.57,75.3 1 0
github.com/Neo4717/NeoCoin/p2p_client.go:78.2,79.23 2 0
github.com/Neo4717/NeoCoin/p2p_client.go:79.23,81.3 1 0
github.com/Neo4717/NeoCoin/p2p_client.go:82.2,82.89 1 0
github.com/Neo4717/NeoCoin/p2p_client.go:82.89,84.3 1 0
github.com/Neo4717/NeoCoin/p2p_client.go:85.2,86.16 2 0
github.com/Neo4717/NeoCoin/p2p_client.go:86.16,88.3 1 0
github.com/Neo4717/NeoCoin/p2p_client.go:89.2,89.50 1 0
github.com/Neo4717/NeoCoin/p2p_client.go:89.50,91.3 1 0
github.com/Neo4717/NeoCoin/p2p_client.go:92.2,92.60 1 0
github.com/Neo4717/NeoCoin/p2p_client.go:92.60,93.30 1 0
github.com/Neo4717/NeoCoin/p2p_client.go:93.30,95.4 1 0
github.com/Neo4717/NeoCoin/p2p_client.go:96.3,96.61 1 0
github.com/Neo4717/NeoCoin/p2p_client.go:98.2,98.17 1 0
github.com/Neo4717/NeoCoin/p2p_client.go:98.17,100.3 1 0
github.com/Neo4717/NeoCoin/p2p_client.go:101.2,101.12 1 0
github.com/Neo4717/NeoCoin/p2p_client.go:112.106,114.16 2 0
github.com/Neo4717/NeoCoin/p2p_client.go:114.16,116.3 1 0
github.com/Neo4717/NeoCoin/p2p_client.go:117.2,119.16 3 0
github.com/Neo4717/NeoCoin/p2p_client.go:119.16,121.3 1 0
github.com/Neo4717/NeoCoin/p2p_client.go:122.2,122.23 1 0
github.com/Neo4717/NeoCoin/p2p_client.go:125.108,127.16 2 0
github.com/Neo4717/NeoCoin/p2p_client.go:127.16,129.3 1 0
github.com/Neo4717/NeoCoin/p2p_client.go:130.2,132.16 3 0
github.com/Neo4717/NeoCoin/p2p_client.go:132.16,134.3 1 0
github.com/Neo4717/NeoCoin/p2p_client.go:135.2,135.23 1 0
github.com/Neo4717/NeoCoin/p2p_client.go:138.100,140.16 2 0
github.com/Neo4717/NeoCoin/p2p_client.go:140.16,142.3 1 0
github.com/Neo4717/NeoCoin/p2p_client.go:143.2,145.16 3 0
github.com/Neo4717/NeoCoin/p2p_client.go:145.16,147.3 1 0
github.com/Neo4717/NeoCoin/p2p_client.go:148.2,148.23 1 0
github.com/Neo4717/NeoCoin/p2p_client.go:151.100,154.16 3 0
github.com/Neo4717/NeoCoin/p2p_client.go:154.16,156.3 1 0
github.com/Neo4717/NeoCoin/p2p_client.go:157.2,157.20 1 0
github.com/Neo4717/NeoCoin/p2p_client_secure.go:36.103,42.17 2 0
github.com/Neo4717/NeoCoin/p2p_client_secure.go:42.17,44.3 1 0
github.com/Neo4717/NeoCoin/p2p_client_secure.go:45.2,45.10 1 0
github.com/Neo4717/NeoCoin/p2p_client_secure.go:48.75,50.24 2 0
github.com/Neo4717/NeoCoin/p2p_client_secure.go:50.24,52.3 1 0
github.com/Neo4717/NeoCoin/p2p_client_secure.go:54.2,56.16 3 0
github.com/Neo4717/NeoCoin/p2p_client_secure.go:56.16,58.3 1 0
github.com/Neo4717/NeoCoin/p2p_client_secure.go:60.2,61.24 2 0
github.com/Neo4717/NeoCoin/p2p_client_secure.go:61.24,63.45 2 0
github.com/Neo4717/NeoCoin/p2p_client_secure.go:63.45,65.4 1 0
github.com/Neo4717/NeoCoin/p2p_client_secure.go:66.3,66.20 1 0
github.com/Neo4717/NeoCoin/p2p_client_secure.go:69.2,70.22 2 0
github.com/Neo4717/NeoCoin/p2p_client_secure.go:73.45,81.16 6 0
github.com/Neo4717/NeoCoin/p2p_client_secure.go:81.16,83.3 1 0
github.com/Neo4717/NeoCoin/p2p_client_secure.go:85.2,86.57 2 0
github.com/Neo4717/NeoCoin/p2p_client_secure.go:86.57,88.3 1 0
github.com/Neo4717/NeoCoin/p2p_client_secure.go:90.2,90.37 1 0
github.com/Neo4717/NeoCoin/p2p_client_secure.go:90.37,92.3 1 0
github.com/Neo4717/NeoCoin/p2p_client_secure.go:94.2,101.12 3 0
github.com/Neo4717/NeoCoin/p2p_client_secure.go:104.53,118.2 3 0
github.com/Neo4717/NeoCoin/p2p_client_secure.go:120.70,129.16 7 0
github.com/Neo4717/NeoCoin/p2p_client_secure.go:129.16,131.3 1 0
github.com/Neo4717/NeoCoin/p2p_client_secure.go:133.2,134.57 2 0
github.com/Neo4717/NeoCoin/p2p_client_secure.go:134.57,136.3 1 0
github.com/Neo4717/NeoCoin/p2p_client_secure.go:138.2,138.18 1 0
github.com/Neo4717/NeoCoin/p2p_client_secure.go:141.82,154.2 6 0
github.com/Neo4717/NeoCoin/p2p_client_secure.go:156.72,168.2 6 0
github.com/Neo4717/NeoCoin/p2p_client_secure.go:170.59,181.2 6 0
github.com/Neo4717/NeoCoin/p2p_client_secure.go:183.41,184.19 1 0
github.com/Neo4717/NeoCoin/p2p_client_secure.go:184.19,186.3 1 0
github.com/Neo4717/NeoCoin/p2p_client_secure.go:187.2,187.12 1 0
github.com/Neo4717/NeoCoin/p2p_client_secure.go:190.51,191.23 1 0
github.com/Neo4717/NeoCoin/p2p_client_secure.go:191.23,193.3 1 0
github.com/Neo4717/NeoCoin/p2p_client_secure.go:194.2,194.10 1 0
github.com/Neo4717/NeoCoin/p2p_client_secure.go:197.43,198.23 1 0
github.com/Neo4717/NeoCoin/p2p_client_secure.go:198.23,200.3 1 0
github.com/Neo4717/NeoCoin/p2p_client_secure.go:201.2,201.10 1 0
github.com/Neo4717/NeoCoin/p2p_client_secure.go:204.71,206.16 2 0
github.com/Neo4717/NeoCoin/p2p_client_secure.go:206.16,208.3 1 0
github.com/Neo4717/NeoCoin/p2p_client_secure.go:209.2,209.23 1 0
github.com/Neo4717/NeoCoin/p2p_codec.go:18.45,20.16 2 0
github.com/Neo4717/NeoCoin/p2p_codec.go:20.16,22.3 1 0
github.com/Neo4717/NeoCoin/p2p_codec.go:23.2,25.46 3 0
github.com/Neo4717/NeoCoin/p2p_codec.go:25.46,27.3 1 0
github.com/Neo4717/NeoCoin/p2p_codec.go:28.2,29.12 2 0
github.com/Neo4717/NeoCoin/p2p_codec.go:32.61,34.53 2 0
github.com/Neo4717/NeoCoin/p2p_codec.go:34.53,36.3 1 0
github.com/Neo4717/NeoCoin/p2p_codec.go:37.2,38.12 2 0
github.com/Neo4717/NeoCoin/p2p_codec.go:38.12,40.3 1 0
github.com/Neo4717/NeoCoin/p2p_codec.go:41.2,41.34 1 0
github.com/Neo4717/NeoCoin/p2p_codec.go:41.34,44.3 2 0
github.com/Neo4717/NeoCoin/p2p_codec.go:45.2,46.45 2 0
github.com/Neo4717/NeoCoin/p2p_codec.go:46.45,48.3 1 0
github.com/Neo4717/NeoCoin/p2p_codec.go:49.2,49.15 1 0
github.com/Neo4717/NeoCoin/p2p_codec.go:60.76,68.2 1 0
github.com/Neo4717/NeoCoin/p2p_manager.go:16.49,18.51 2 1
github.com/Neo4717/NeoCoin/p2p_manager.go:18.51,20.16 2 1
github.com/Neo4717/NeoCoin/p2p_manager.go:20.16,21.12 1 0
github.com/Neo4717/NeoCoin/p2p_manager.go:23.3,23.29 1 1
github.com/Neo4717/NeoCoin/p2p_manager.go:25.2,25.14 1 1
github.com/Neo4717/NeoCoin/p2p_manager.go:28.105,33.2 1 0
github.com/Neo4717/NeoCoin/p2p_manager.go:35.44,35.89 1 0
github.com/Neo4717/NeoCoin/p2p_manager.go:37.48,38.16 1 0
github.com/Neo4717/NeoCoin/p2p_manager.go:38.16,40.3 1 0
github.com/Neo4717/NeoCoin/p2p_manager.go:41.2,41.29 1 0
github.com/Neo4717/NeoCoin/p2p_manager.go:41.29,42.16 1 0
github.com/Neo4717/NeoCoin/p2p_manager.go:42.16,44.4 1 0
github.com/Neo4717/NeoCoin/p2p_manager.go:46.2,46.35 1 0
github.com/Neo4717/NeoCoin/p2p_manager.go:49.96,51.105 2 0
github.com/Neo4717/NeoCoin/p2p_manager.go:51.105,53.3 1 0
github.com/Neo4717/NeoCoin/p2p_manager.go:54.2,54.18 1 0
github.com/Neo4717/NeoCoin/p2p_manager.go:57.131,59.136 2 0
github.com/Neo4717/NeoCoin/p2p_manager.go:59.136,61.3 1 0
github.com/Neo4717/NeoCoin/p2p_manager.go:62.2,62.17 1 0
github.com/Neo4717/NeoCoin/p2p_manager.go:65.103,68.16 3 0
github.com/Neo4717/NeoCoin/p2p_manager.go:68.16,69.33 1 0
github.com/Neo4717/NeoCoin/p2p_manager.go:69.33,71.4 1 0
github.com/Neo4717/NeoCoin/p2p_manager.go:72.3,72.18 1 0
github.com/Neo4717/NeoCoin/p2p_manager.go:74.2,74.18 1 0
github.com/Neo4717/NeoCoin/p2p_manager.go:77.108,79.32 2 0
github.com/Neo4717/NeoCoin/p2p_manager.go:79.32,81.17 2 0
github.com/Neo4717/NeoCoin/p2p_manager.go:81.17,83.4 1 0
github.com/Neo4717/NeoCoin/p2p_manager.go:84.3,84.16 1 0
github.com/Neo4717/NeoCoin/p2p_manager.go:86.2,86.20 1 0
github.com/Neo4717/NeoCoin/p2p_manager.go:86.20,88.3 1 0
github.com/Neo4717/NeoCoin/p2p_manager.go:89.2,89.25 1 0
github.com/Neo4717/NeoCoin/p2p_manager.go:92.92,93.32 1 0
github.com/Neo4717/NeoCoin/p2p_manager.go:93.32,94.21 1 0
github.com/Neo4717/NeoCoin/p2p_manager.go:94.21,96.18 2 0
github.com/Neo4717/NeoCoin/p2p_manager.go:96.18,98.5 1 0
github.com/Neo4717/NeoCoin/p2p_manager.go:103.77,104.32 1 0
github.com/Neo4717/NeoCoin/p2p_manager.go:104.32,105.21 1 0
github.com/Neo4717/NeoCoin/p2p_manager.go:105.21,107.18 2 0
github.com/Neo4717/NeoCoin/p2p_manager.go:107.18,109.5 1 0
github.com/Neo4717/NeoCoin/p2p_manager.go:114.109,117.39 3 0
github.com/Neo4717/NeoCoin/p2p_manager.go:117.39,118.40 1 0
github.com/Neo4717/NeoCoin/p2p_manager.go:118.40,120.4 1 0
github.com/Neo4717/NeoCoin/p2p_manager.go:121.3,121.33 1 0
github.com/Neo4717/NeoCoin/p2p_manager.go:121.33,123.4 1 0
github.com/Neo4717/NeoCoin/p2p_manager.go:124.3,127.17 3 0
github.com/Neo4717/NeoCoin/p2p_manager.go:127.17,129.4 1 0
github.com/Neo4717/NeoCoin/p2p_manager.go:131.3,132.27 2 0
github.com/Neo4717/NeoCoin/p2p_manager.go:132.27,133.47 1 0
github.com/Neo4717/NeoCoin/p2p_manager.go:133.47,134.66 1 0
github.com/Neo4717/NeoCoin/p2p_manager.go:134.66,136.6 1 0
github.com/Neo4717/NeoCoin/p2p_manager.go:139.3,140.17 2 0
github.com/Neo4717/NeoCoin/p2p_manager.go:140.17,142.4 1 0
github.com/Neo4717/NeoCoin/p2p_manager.go:143.3,143.39 1 0
github.com/Neo4717/NeoCoin/p2p_manager.go:143.39,144.12 1 0
github.com/Neo4717/NeoCoin/p2p_manager.go:146.3,146.13 1 0
github.com/Neo4717/NeoCoin/p2p_manager.go:148.2,148.50 1 0
github.com/Neo4717/NeoCoin/p2p_network.go:78.81,79.26 1 0
github.com/Neo4717/NeoCoin/p2p_network.go:79.26,81.3 1 0
github.com/Neo4717/NeoCoin/p2p_network.go:83.2,95.12 3 0
github.com/Neo4717/NeoCoin/p2p_network.go:98.36,101.16 2 0
github.com/Neo4717/NeoCoin/p2p_network.go:101.16,103.3 1 0
github.com/Neo4717/NeoCoin/p2p_network.go:104.2,115.12 5 0
github.com/Neo4717/NeoCoin/p2p_network.go:118.29,123.31 4 0
github.com/Neo4717/NeoCoin/p2p_network.go:123.31,125.3 1 0
github.com/Neo4717/NeoCoin/p2p_network.go:126.2,128.23 2 0
github.com/Neo4717/NeoCoin/p2p_network.go:128.23,130.3 1 0
github.com/Neo4717/NeoCoin/p2p_network.go:133.35,134.6 1 0
github.com/Neo4717/NeoCoin/p2p_network.go:134.6,136.17 2 0
github.com/Neo4717/NeoCoin/p2p_network.go:136.17,137.26 1 0
github.com/Neo4717/NeoCoin/p2p_network.go:137.26,139.5 1 0
github.com/Neo4717/NeoCoin/p2p_network.go:140.4,140.12 1 0
github.com/Neo4717/NeoCoin/p2p_network.go:142.3,142.30 1 0
github.com/Neo4717/NeoCoin/p2p_network.go:146.54,156.16 6 0
github.com/Neo4717/NeoCoin/p2p_network.go:156.16,158.3 1 0
github.com/Neo4717/NeoCoin/p2p_network.go:160.2,160.54 1 0
github.com/Neo4717/NeoCoin/p2p_network.go:160.54,162.3 1 0
github.com/Neo4717/NeoCoin/p2p_network.go:164.2,164.30 1 0
github.com/Neo4717/NeoCoin/p2p_network.go:164.30,166.3 1 0
github.com/Neo4717/NeoCoin/p2p_network.go:168.2,169.75 2 0
github.com/Neo4717/NeoCoin/p2p_network.go:169.75,171.3 1 0
github.com/Neo4717/NeoCoin/p2p_network.go:173.2,180.39 3 0
github.com/Neo4717/NeoCoin/p2p_network.go:180.39,184.3 3 0
github.com/Neo4717/NeoCoin/p2p_network.go:185.2,204.18 5 0
github.com/Neo4717/NeoCoin/p2p_network.go:207.43,209.6 2 0
github.com/Neo4717/NeoCoin/p2p_network.go:209.6,211.17 2 0
github.com/Neo4717/NeoCoin/p2p_network.go:211.17,212.9 1 0
github.com/Neo4717/NeoCoin/p2p_network.go:215.3,216.55 2 0
github.com/Neo4717/NeoCoin/p2p_network.go:216.55,217.12 1 0
github.com/Neo4717/NeoCoin/p2p_network.go:220.3,220.30 1 0
github.com/Neo4717/NeoCoin/p2p_network.go:223.2,225.15 3 0
github.com/Neo4717/NeoCoin/p2p_network.go:228.65,229.18 1 0
github.com/Neo4717/NeoCoin/p2p_network.go:230.13,231.52 1 0
github.com/Neo4717/NeoCoin/p2p_network.go:231.52,232.11 1 0
github.com/Neo4717/NeoCoin/p2p_network.go:233.34,233.34 0 0
github.com/Neo4717/NeoCoin/p2p_network.go:234.12,234.12 0 0
github.com/Neo4717/NeoCoin/p2p_network.go:237.16,238.52 1 0
github.com/Neo4717/NeoCoin/p2p_network.go:238.52,239.11 1 0
github.com/Neo4717/NeoCoin/p2p_network.go:240.37,240.37 0 0
github.com/Neo4717/NeoCoin/p2p_network.go:241.12,241.12 0 0
github.com/Neo4717/NeoCoin/p2p_network.go:244.15,248.51 4 0
github.com/Neo4717/NeoCoin/p2p_network.go:249.19,250.23 1 0
github.com/Neo4717/NeoCoin/p2p_network.go:254.39,255.31 1 0
github.com/Neo4717/NeoCoin/p2p_network.go:255.31,256.25 1 0
github.com/Neo4717/NeoCoin/p2p_network.go:256.25,258.4 1 0
github.com/Neo4717/NeoCoin/p2p_network.go:260.3,261.17 2 0
github.com/Neo4717/NeoCoin/p2p_network.go:261.17,262.12 1 0
github.com/Neo4717/NeoCoin/p2p_network.go:266.3,290.22 7 0
github.com/Neo4717/NeoCoin/p2p_network.go:294.64,299.9 4 0
github.com/Neo4717/NeoCoin/p2p_network.go:299.9,301.3 1 0
github.com/Neo4717/NeoCoin/p2p_network.go:303.2,304.16 2 0
github.com/Neo4717/NeoCoin/p2p_network.go:304.16,306.3 1 0
github.com/Neo4717/NeoCoin/p2p_network.go:308.2,308.23 1 0
github.com/Neo4717/NeoCoin/p2p_network.go:311.61,314.2 2 0
github.com/Neo4717/NeoCoin/p2p_network.go:316.49,321.26 4 0
github.com/Neo4717/NeoCoin/p2p_network.go:321.26,322.21 1 0
github.com/Neo4717/NeoCoin/p2p_network.go:322.21,324.4 1 0
github.com/Neo4717/NeoCoin/p2p_network.go:327.2,332.4 2 0
github.com/Neo4717/NeoCoin/p2p_network.go:335.55,344.32 4 0
github.com/Neo4717/NeoCoin/p2p_network.go:344.32,345.26 1 0
github.com/Neo4717/NeoCoin/p2p_network.go:345.26,349.4 3 0
github.com/Neo4717/NeoCoin/p2p_network.go:349.19,351.4 1 0
github.com/Neo4717/NeoCoin/p2p_network.go:354.2,354.12 1 0
github.com/Neo4717/NeoCoin/p2p_network.go:357.61,366.32 4 0
github.com/Neo4717/NeoCoin/p2p_network.go:366.32,367.26 1 0
github.com/Neo4717/NeoCoin/p2p_network.go:367.26,371.4 3 0
github.com/Neo4717/NeoCoin/p2p_network.go:371.19,373.4 1 0
github.com/Neo4717/NeoCoin/p2p_network.go:376.2,376.12 1 0
github.com/Neo4717/NeoCoin/p2p_network.go:379.34,383.6 3 0
github.com/Neo4717/NeoCoin/p2p_network.go:383.6,384.10 1 0
github.com/Neo4717/NeoCoin/p2p_network.go:385.23,386.10 1 0
github.com/Neo4717/NeoCoin/p2p_network.go:387.19,393.24 4 0
github.com/Neo4717/NeoCoin/p2p_network.go:393.24,395.5 1 0
github.com/Neo4717/NeoCoin/p2p_network.go:400.38,404.2 3 0
github.com/Neo4717/NeoCoin/p2p_network.go:406.48,408.2 1 0
github.com/Neo4717/NeoCoin/p2p_network.go:410.51,412.2 1 0
github.com/Neo4717/NeoCoin/p2p_scorer.go:24.46,25.19 1 0
github.com/Neo4717/NeoCoin/p2p_scorer.go:25.19,27.3 1 0
github.com/Neo4717/NeoCoin/p2p_scorer.go:28.2,31.3 1 0
github.com/Neo4717/NeoCoin/p2p_scorer.go:34.67,39.33 4 0
github.com/Neo4717/NeoCoin/p2p_scorer.go:39.33,44.3 4 0
github.com/Neo4717/NeoCoin/p2p_scorer.go:44.8,55.3 2 0
github.com/Neo4717/NeoCoin/p2p_scorer.go:58.50,63.33 4 0
github.com/Neo4717/NeoCoin/p2p_scorer.go:63.33,67.3 3 0
github.com/Neo4717/NeoCoin/p2p_scorer.go:67.8,78.3 2 0
github.com/Neo4717/NeoCoin/p2p_scorer.go:81.60,83.16 2 0
github.com/Neo4717/NeoCoin/p2p_scorer.go:83.16,85.3 1 0
github.com/Neo4717/NeoCoin/p2p_scorer.go:87.2,90.24 3 0
github.com/Neo4717/NeoCoin/p2p_scorer.go:90.24,92.3 1 0
github.com/Neo4717/NeoCoin/p2p_scorer.go:94.2,95.22 2 0
github.com/Neo4717/NeoCoin/p2p_scorer.go:95.22,97.3 1 0
github.com/Neo4717/NeoCoin/p2p_scorer.go:97.8,97.29 1 0
github.com/Neo4717/NeoCoin/p2p_scorer.go:97.29,99.3 1 0
github.com/Neo4717/NeoCoin/p2p_scorer.go:99.8,99.30 1 0
github.com/Neo4717/NeoCoin/p2p_scorer.go:99.30,101.3 1 0
github.com/Neo4717/NeoCoin/p2p_scorer.go:101.8,101.30 1 0
github.com/Neo4717/NeoCoin/p2p_scorer.go:101.30,103.3 1 0
github.com/Neo4717/NeoCoin/p2p_scorer.go:105.2,107.17 2 0
github.com/Neo4717/NeoCoin/p2p_scorer.go:107.17,109.3 1 0
github.com/Neo4717/NeoCoin/p2p_scorer.go:110.2,110.15 1 0
github.com/Neo4717/NeoCoin/p2p_scorer.go:110.15,112.3 1 0
github.com/Neo4717/NeoCoin/p2p_scorer.go:114.2,114.14 1 0
github.com/Neo4717/NeoCoin/p2p_scorer.go:117.39,118.33 1 0
github.com/Neo4717/NeoCoin/p2p_scorer.go:118.33,121.33 3 0
github.com/Neo4717/NeoCoin/p2p_scorer.go:121.33,122.29 1 0
github.com/Neo4717/NeoCoin/p2p_scorer.go:122.29,125.5 2 0
github.com/Neo4717/NeoCoin/p2p_scorer.go:127.3,127.18 1 0
github.com/Neo4717/NeoCoin/p2p_scorer.go:127.18,129.4 1 0
github.com/Neo4717/NeoCoin/p2p_scorer.go:133.53,136.33 3 0
github.com/Neo4717/NeoCoin/p2p_scorer.go:136.33,138.3 1 0
github.com/Neo4717/NeoCoin/p2p_scorer.go:139.2,139.10 1 0
github.com/Neo4717/NeoCoin/p2p_scorer.go:142.51,152.32 5 0
github.com/Neo4717/NeoCoin/p2p_scorer.go:152.32,154.3 1 0
github.com/Neo4717/NeoCoin/p2p_scorer.go:156.2,156.37 1 0
github.com/Neo4717/NeoCoin/p2p_scorer.go:156.37,157.40 1 0
github.com/Neo4717/NeoCoin/p2p_scorer.go:157.40,158.41 1 0
github.com/Neo4717/NeoCoin/p2p_scorer.go:158.41,160.5 1 0
github.com/Neo4717/NeoCoin/p2p_scorer.go:164.2,164.21 1 0
github.com/Neo4717/NeoCoin/p2p_scorer.go:164.21,166.3 1 0
github.com/Neo4717/NeoCoin/p2p_scorer.go:168.2,169.25 2 0
github.com/Neo4717/NeoCoin/p2p_scorer.go:169.25,171.3 1 0
github.com/Neo4717/NeoCoin/p2p_scorer.go:172.2,172.15 1 0
github.com/Neo4717/NeoCoin/p2p_scorer.go:175.47,179.2 3 0
github.com/Neo4717/NeoCoin/p2p_scorer.go:181.35,185.2 3 0
github.com/Neo4717/NeoCoin/p2p_secure.go:61.153,72.35 2 0
github.com/Neo4717/NeoCoin/p2p_secure.go:72.35,74.17 2 0
github.com/Neo4717/NeoCoin/p2p_secure.go:74.17,76.4 1 0
github.com/Neo4717/NeoCoin/p2p_secure.go:77.3,81.4 1 0
github.com/Neo4717/NeoCoin/p2p_secure.go:84.2,84.21 1 0
github.com/Neo4717/NeoCoin/p2p_secure.go:84.21,86.3 1 0
github.com/Neo4717/NeoCoin/p2p_secure.go:87.2,89.15 2 0
github.com/Neo4717/NeoCoin/p2p_secure.go:92.60,94.24 2 0
github.com/Neo4717/NeoCoin/p2p_secure.go:94.24,96.3 1 0
github.com/Neo4717/NeoCoin/p2p_secure.go:98.2,100.16 3 0
github.com/Neo4717/NeoCoin/p2p_secure.go:100.16,102.3 1 0
github.com/Neo4717/NeoCoin/p2p_secure.go:103.2,107.6 3 0
github.com/Neo4717/NeoCoin/p2p_secure.go:107.6,109.17 2 0
github.com/Neo4717/NeoCoin/p2p_secure.go:109.17,110.11 1 0
github.com/Neo4717/NeoCoin/p2p_secure.go:111.22,112.15 1 0
github.com/Neo4717/NeoCoin/p2p_secure.go:113.12,114.15 1 0
github.com/Neo4717/NeoCoin/p2p_secure.go:118.3,118.10 1 0
github.com/Neo4717/NeoCoin/p2p_secure.go:119.28,120.14 1 0
github.com/Neo4717/NeoCoin/p2p_secure.go:120.14,121.18 1 0
github.com/Neo4717/NeoCoin/p2p_secure.go:121.18,121.29 1 0
github.com/Neo4717/NeoCoin/p2p_secure.go:122.5,122.27 1 0
github.com/Neo4717/NeoCoin/p2p_secure.go:124.11,125.20 1 0
github.com/Neo4717/NeoCoin/p2p_secure.go:130.59,134.24 3 0
github.com/Neo4717/NeoCoin/p2p_secure.go:134.24,136.45 2 0
github.com/Neo4717/NeoCoin/p2p_secure.go:136.45,138.4 1 0
github.com/Neo4717/NeoCoin/p2p_secure.go:139.3,139.20 1 0
github.com/Neo4717/NeoCoin/p2p_secure.go:142.2,145.16 3 0
github.com/Neo4717/NeoCoin/p2p_secure.go:145.16,147.3 1 0
github.com/Neo4717/NeoCoin/p2p_secure.go:149.2,150.59 2 0
github.com/Neo4717/NeoCoin/p2p_secure.go:150.59,152.3 1 0
github.com/Neo4717/NeoCoin/p2p_secure.go:154.2,154.48 1 0
github.com/Neo4717/NeoCoin/p2p_secure.go:154.48,157.3 2 0
github.com/Neo4717/NeoCoin/p2p_secure.go:159.2,160.16 2 0
github.com/Neo4717/NeoCoin/p2p_secure.go:160.16,162.3 1 0
github.com/Neo4717/NeoCoin/p2p_secure.go:164.2,165.16 2 0
github.com/Neo4717/NeoCoin/p2p_secure.go:165.16,167.3 1 0
github.com/Neo4717/NeoCoin/p2p_secure.go:169.2,170.55 2 0
github.com/Neo4717/NeoCoin/p2p_secure.go:170.55,172.3 1 0
github.com/Neo4717/NeoCoin/p2p_secure.go:174.2,192.44 8 0
github.com/Neo4717/NeoCoin/p2p_secure.go:195.66,196.35 1 0
github.com/Neo4717/NeoCoin/p2p_secure.go:196.35,198.3 1 0
github.com/Neo4717/NeoCoin/p2p_secure.go:199.2,199.21 1 0
github.com/Neo4717/NeoCoin/p2p_secure.go:199.21,201.3 1 0
github.com/Neo4717/NeoCoin/p2p_secure.go:202.2,202.31 1 0
github.com/Neo4717/NeoCoin/p2p_secure.go:202.31,204.3 1 0
github.com/Neo4717/NeoCoin/p2p_secure.go:205.2,205.80 1 0
github.com/Neo4717/NeoCoin/p2p_secure.go:205.80,207.3 1 0
github.com/Neo4717/NeoCoin/p2p_secure.go:208.2,208.40 1 0
github.com/Neo4717/NeoCoin/p2p_secure.go:208.40,210.3 1 0
github.com/Neo4717/NeoCoin/p2p_secure.go:211.2,211.12 1 0
github.com/Neo4717/NeoCoin/p2p_secure.go:214.53,228.2 3 0
github.com/Neo4717/NeoCoin/p2p_secure.go:230.50,234.2 3 0
github.com/Neo4717/NeoCoin/p2p_secure.go:236.53,240.2 3 0
github.com/Neo4717/NeoCoin/p2p_secure.go:242.85,243.6 1 0
github.com/Neo4717/NeoCoin/p2p_secure.go:243.6,245.17 2 0
github.com/Neo4717/NeoCoin/p2p_secure.go:245.17,247.4 1 0
github.com/Neo4717/NeoCoin/p2p_secure.go:249.3,250.52 2 0
github.com/Neo4717/NeoCoin/p2p_secure.go:250.52,251.12 1 0
github.com/Neo4717/NeoCoin/p2p_secure.go:254.3,256.33 2 0
github.com/Neo4717/NeoCoin/p2p_secure.go:256.33,259.19 3 0
github.com/Neo4717/NeoCoin/p2p_secure.go:260.26,270.40 4 0
github.com/Neo4717/NeoCoin/p2p_secure.go:271.16,272.56 1 0
github.com/Neo4717/NeoCoin/p2p_secure.go:278.51,280.46 2 0
github.com/Neo4717/NeoCoin/p2p_secure.go:280.46,282.3 1 0
github.com/Neo4717/NeoCoin/p2p_secure.go:283.2,284.27 2 0
github.com/Neo4717/NeoCoin/p2p_secure.go:284.27,286.3 1 0
github.com/Neo4717/NeoCoin/p2p_secure.go:287.2,288.42 2 0
github.com/Neo4717/NeoCoin/p2p_secure.go:288.42,290.3 1 0
github.com/Neo4717/NeoCoin/p2p_secure.go:291.2,291.17 1 0
github.com/Neo4717/NeoCoin/p2p_secure.go:294.55,297.47 3 0
github.com/Neo4717/NeoCoin/p2p_secure.go:297.47,299.3 1 0
github.com/Neo4717/NeoCoin/p2p_secure.go:300.2,301.12 2 0
github.com/Neo4717/NeoCoin/p2p_secure.go:304.70,306.16 2 0
github.com/Neo4717/NeoCoin/p2p_secure.go:306.16,308.3 1 0
github.com/Neo4717/NeoCoin/p2p_secure.go:309.2,309.29 1 0
github.com/Neo4717/NeoCoin/p2p_server.go:29.105,30.41 1 0
github.com/Neo4717/NeoCoin/p2p_server.go:30.41,32.3 1 0
github.com/Neo4717/NeoCoin/p2p_server.go:33.2,33.37 1 0
github.com/Neo4717/NeoCoin/p2p_server.go:33.37,35.3 1 0
github.com/Neo4717/NeoCoin/p2p_server.go:36.2,45.21 2 0
github.com/Neo4717/NeoCoin/p2p_server.go:45.21,47.3 1 0
github.com/Neo4717/NeoCoin/p2p_server.go:48.2,48.23 1 0
github.com/Neo4717/NeoCoin/p2p_server.go:48.23,50.3 1 0
github.com/Neo4717/NeoCoin/p2p_server.go:51.2,52.10 2 0
github.com/Neo4717/NeoCoin/p2p_server.go:55.41,55.64 1 0
github.com/Neo4717/NeoCoin/p2p_server.go:57.54,60.16 3 0
github.com/Neo4717/NeoCoin/p2p_server.go:60.16,62.3 1 0
github.com/Neo4717/NeoCoin/p2p_server.go:63.2,67.6 3 0
github.com/Neo4717/NeoCoin/p2p_server.go:67.6,69.17 2 0
github.com/Neo4717/NeoCoin/p2p_server.go:69.17,70.11 1 0
github.com/Neo4717/NeoCoin/p2p_server.go:71.22,72.15 1 0
github.com/Neo4717/NeoCoin/p2p_server.go:73.12,74.15 1 0
github.com/Neo4717/NeoCoin/p2p_server.go:78.3,78.10 1 0
github.com/Neo4717/NeoCoin/p2p_server.go:79.28,80.14 1 0
github.com/Neo4717/NeoCoin/p2p_server.go:80.14,81.18 1 0
github.com/Neo4717/NeoCoin/p2p_server.go:81.18,81.29 1 0
github.com/Neo4717/NeoCoin/p2p_server.go:82.5,82.24 1 0
github.com/Neo4717/NeoCoin/p2p_server.go:84.11,85.17 1 0
github.com/Neo4717/NeoCoin/p2p_server.go:90.50,97.16 4 0
github.com/Neo4717/NeoCoin/p2p_server.go:97.16,99.3 1 0
github.com/Neo4717/NeoCoin/p2p_server.go:100.2,101.50 2 0
github.com/Neo4717/NeoCoin/p2p_server.go:101.50,103.3 1 0
github.com/Neo4717/NeoCoin/p2p_server.go:104.2,104.25 1 0
github.com/Neo4717/NeoCoin/p2p_server.go:104.25,106.3 1 0
github.com/Neo4717/NeoCoin/p2p_server.go:107.2,108.60 2 0
github.com/Neo4717/NeoCoin/p2p_server.go:108.60,110.3 1 0
github.com/Neo4717/NeoCoin/p2p_server.go:111.2,111.58 1 0
github.com/Neo4717/NeoCoin/p2p_server.go:111.58,114.3 2 0
github.com/Neo4717/NeoCoin/p2p_server.go:115.2,115.88 1 0
github.com/Neo4717/NeoCoin/p2p_server.go:115.88,118.3 2 0
github.com/Neo4717/NeoCoin/p2p_server.go:121.2,125.16 3 0
github.com/Neo4717/NeoCoin/p2p_server.go:125.16,127.3 1 0
github.com/Neo4717/NeoCoin/p2p_server.go:128.2,128.50 1 0
github.com/Neo4717/NeoCoin/p2p_server.go:128.50,130.3 1 0
github.com/Neo4717/NeoCoin/p2p_server.go:132.2,134.18 2 0
github.com/Neo4717/NeoCoin/p2p_server.go:135.24,136.29 1 0
github.com/Neo4717/NeoCoin/p2p_server.go:137.26,139.59 2 0
github.com/Neo4717/NeoCoin/p2p_server.go:139.59,141.4 1 0
github.com/Neo4717/NeoCoin/p2p_server.go:142.3,142.52 1 0
github.com/Neo4717/NeoCoin/p2p_server.go:143.27,145.59 2 0
github.com/Neo4717/NeoCoin/p2p_server.go:145.59,147.4 1 0
github.com/Neo4717/NeoCoin/p2p_server.go:148.3,148.44 1 0
github.com/Neo4717/NeoCoin/p2p_server.go:149.16,150.48 1 0
github.com/Neo4717/NeoCoin/p2p_server.go:151.22,152.54 1 0
github.com/Neo4717/NeoCoin/p2p_server.go:153.25,154.48 1 0
github.com/Neo4717/NeoCoin/p2p_server.go:155.19,156.42 1 0
github.com/Neo4717/NeoCoin/p2p_server.go:157.17,158.28 1 0
github.com/Neo4717/NeoCoin/p2p_server.go:159.14,160.38 1 0
github.com/Neo4717/NeoCoin/p2p_server.go:161.10,163.13 2 0
github.com/Neo4717/NeoCoin/p2p_server.go:167.55,171.17 4 0
github.com/Neo4717/NeoCoin/p2p_server.go:171.17,173.3 1 0
github.com/Neo4717/NeoCoin/p2p_server.go:174.2,183.81 2 0
github.com/Neo4717/NeoCoin/p2p_server.go:186.81,187.31 1 0
github.com/Neo4717/NeoCoin/p2p_server.go:187.31,189.3 1 0
github.com/Neo4717/NeoCoin/p2p_server.go:190.2,191.82 2 0
github.com/Neo4717/NeoCoin/p2p_server.go:194.73,196.19 2 0
github.com/Neo4717/NeoCoin/p2p_server.go:196.19,198.3 1 0
github.com/Neo4717/NeoCoin/p2p_server.go:199.2,200.9 2 0
github.com/Neo4717/NeoCoin/p2p_server.go:200.9,202.3 1 0
github.com/Neo4717/NeoCoin/p2p_server.go:203.2,203.74 1 0
github.com/Neo4717/NeoCoin/p2p_server.go:206.85,208.54 2 0
github.com/Neo4717/NeoCoin/p2p_server.go:208.54,211.3 2 0
github.com/Neo4717/NeoCoin/p2p_server.go:213.2,214.63 2 0
github.com/Neo4717/NeoCoin/p2p_server.go:214.63,217.3 2 0
github.com/Neo4717/NeoCoin/p2p_server.go:219.2,220.16 2 0
github.com/Neo4717/NeoCoin/p2p_server.go:220.16,223.3 2 0
github.com/Neo4717/NeoCoin/p2p_server.go:225.2,225.17 1 0
github.com/Neo4717/NeoCoin/p2p_server.go:225.17,227.3 1 0
github.com/Neo4717/NeoCoin/p2p_server.go:229.2,229.102 1 0
github.com/Neo4717/NeoCoin/p2p_server.go:232.91,234.60 2 0
github.com/Neo4717/NeoCoin/p2p_server.go:234.60,236.3 1 0
github.com/Neo4717/NeoCoin/p2p_server.go:238.2,239.69 2 0
github.com/Neo4717/NeoCoin/p2p_server.go:239.69,241.3 1 0
github.com/Neo4717/NeoCoin/p2p_server.go:243.2,244.16 2 0
github.com/Neo4717/NeoCoin/p2p_server.go:244.16,246.3 1 0
github.com/Neo4717/NeoCoin/p2p_server.go:248.2,248.17 1 0
github.com/Neo4717/NeoCoin/p2p_server.go:248.17,250.3 1 0
github.com/Neo4717/NeoCoin/p2p_server.go:252.2,252.112 1 0
github.com/Neo4717/NeoCoin/p2p_server.go:255.85,257.60 2 0
github.com/Neo4717/NeoCoin/p2p_server.go:257.60,259.3 1 0
github.com/Neo4717/NeoCoin/p2p_server.go:261.2,262.75 2 0
github.com/Neo4717/NeoCoin/p2p_server.go:262.75,265.3 2 0
github.com/Neo4717/NeoCoin/p2p_server.go:267.2,267.17 1 0
github.com/Neo4717/NeoCoin/p2p_server.go:267.17,269.17 2 0
github.com/Neo4717/NeoCoin/p2p_server.go:269.17,271.4 1 0
github.com/Neo4717/NeoCoin/p2p_server.go:274.2,274.26 1 0
github.com/Neo4717/NeoCoin/p2p_server.go:274.26,276.3 1 0
github.com/Neo4717/NeoCoin/p2p_server.go:278.2,278.140 1 0
github.com/Neo4717/NeoCoin/p2p_server.go:281.79,283.54 2 0
github.com/Neo4717/NeoCoin/p2p_server.go:283.54,286.3 2 0
github.com/Neo4717/NeoCoin/p2p_server.go:288.2,289.9 2 0
github.com/Neo4717/NeoCoin/p2p_server.go:289.9,292.3 2 0
github.com/Neo4717/NeoCoin/p2p_server.go:294.2,295.16 2 0
github.com/Neo4717/NeoCoin/p2p_server.go:295.16,298.3 2 0
github.com/Neo4717/NeoCoin/p2p_server.go:300.2,300.72 1 0
github.com/Neo4717/NeoCoin/p2p_server.go:303.53,304.17 1 0
github.com/Neo4717/NeoCoin/p2p_server.go:304.17,306.3 1 0
github.com/Neo4717/NeoCoin/p2p_server.go:307.2,313.36 3 0
github.com/Neo4717/NeoCoin/p2p_server.go:313.36,315.17 2 0
github.com/Neo4717/NeoCoin/p2p_server.go:315.17,316.12 1 0
github.com/Neo4717/NeoCoin/p2p_server.go:318.3,324.5 3 0
github.com/Neo4717/NeoCoin/p2p_server.go:326.2,326.110 1 0
github.com/Neo4717/NeoCoin/p2p_server.go:329.75,330.17 1 0
github.com/Neo4717/NeoCoin/p2p_server.go:330.17,332.3 1 0
github.com/Neo4717/NeoCoin/p2p_server.go:333.2,341.54 3 0
github.com/Neo4717/NeoCoin/p2p_server.go:341.54,343.3 1 0
github.com/Neo4717/NeoCoin/p2p_server.go:344.2,344.34 1 0
github.com/Neo4717/NeoCoin/p2p_server.go:344.34,346.32 2 0
github.com/Neo4717/NeoCoin/p2p_server.go:346.32,348.4 1 0
github.com/Neo4717/NeoCoin/p2p_server.go:350.2,350.69 1 0
github.com/Neo4717/NeoCoin/p2p_server.go:353.38,356.2 2 0
github.com/Neo4717/NeoCoin/password.go:14.90,15.56 1 0
github.com/Neo4717/NeoCoin/password.go:15.56,17.3 1 0
github.com/Neo4717/NeoCoin/password.go:17.8,17.15 1 0
github.com/Neo4717/NeoCoin/password.go:17.15,19.3 1 0
github.com/Neo4717/NeoCoin/password.go:21.2,21.73 1 0
github.com/Neo4717/NeoCoin/password.go:21.73,22.18 1 0
github.com/Neo4717/NeoCoin/password.go:22.18,24.4 1 0
github.com/Neo4717/NeoCoin/password.go:25.3,25.19 1 0
github.com/Neo4717/NeoCoin/password.go:28.2,28.42 1 0
github.com/Neo4717/NeoCoin/password.go:28.42,31.3 2 0
github.com/Neo4717/NeoCoin/password.go:33.2,33.23 1 0
github.com/Neo4717/NeoCoin/password.go:33.23,35.3 1 0
github.com/Neo4717/NeoCoin/password.go:37.2,37.39 1 0
github.com/Neo4717/NeoCoin/password.go:40.50,42.16 2 0
github.com/Neo4717/NeoCoin/password.go:42.16,44.3 1 0
github.com/Neo4717/NeoCoin/password.go:45.2,45.17 1 0
github.com/Neo4717/NeoCoin/password.go:45.17,48.3 2 0
github.com/Neo4717/NeoCoin/password.go:49.2,50.16 2 0
github.com/Neo4717/NeoCoin/password.go:50.16,52.3 1 0
github.com/Neo4717/NeoCoin/password.go:53.2,54.16 2 0
github.com/Neo4717/NeoCoin/password.go:54.16,56.3 1 0
github.com/Neo4717/NeoCoin/password.go:57.2,57.24 1 0
github.com/Neo4717/NeoCoin/password.go:60.74,61.18 1 0
github.com/Neo4717/NeoCoin/password.go:61.18,63.3 1 0
github.com/Neo4717/NeoCoin/password.go:64.2,65.16 2 0
github.com/Neo4717/NeoCoin/password.go:65.16,67.3 1 0
github.com/Neo4717/NeoCoin/password.go:68.2,68.9 1 0
github.com/Neo4717/NeoCoin/password.go:68.9,70.17 2 0
github.com/Neo4717/NeoCoin/password.go:70.17,72.4 1 0
github.com/Neo4717/NeoCoin/password.go:74.2,74.16 1 0
github.com/Neo4717/NeoCoin/password.go:74.16,76.3 1 0
github.com/Neo4717/NeoCoin/password.go:77.2,77.13 1 0
github.com/Neo4717/NeoCoin/password.go:77.13,79.17 2 0
github.com/Neo4717/NeoCoin/password.go:79.17,81.4 1 0
github.com/Neo4717/NeoCoin/password.go:82.3,82.10 1 0
github.com/Neo4717/NeoCoin/password.go:82.10,84.18 2 0
github.com/Neo4717/NeoCoin/password.go:84.18,86.5 1 0
github.com/Neo4717/NeoCoin/password.go:88.3,88.26 1 0
github.com/Neo4717/NeoCoin/password.go:88.26,90.4 1 0
github.com/Neo4717/NeoCoin/password.go:92.2,92.18 1 0
github.com/Neo4717/NeoCoin/password.go:95.54,99.43 4 0
github.com/Neo4717/NeoCoin/password.go:99.43,101.3 1 0
github.com/Neo4717/NeoCoin/password.go:102.2,102.42 1 0
github.com/Neo4717/NeoCoin/password.go:105.56,108.16 3 0
github.com/Neo4717/NeoCoin/password.go:108.16,110.3 1 0
github.com/Neo4717/NeoCoin/password.go:111.2,111.31 1 0
github.com/Neo4717/NeoCoin/password.go:111.31,113.3 1 0
github.com/Neo4717/NeoCoin/password.go:114.2,115.16 2 0
github.com/Neo4717/NeoCoin/password.go:115.16,117.3 1 0
github.com/Neo4717/NeoCoin/password.go:118.2,118.18 1 0
github.com/Neo4717/NeoCoin/password.go:121.29,123.16 2 0
github.com/Neo4717/NeoCoin/password.go:123.16,125.3 1 0
github.com/Neo4717/NeoCoin/password.go:126.2,126.45 1 0
github.com/Neo4717/NeoCoin/peers.go:25.46,27.51 2 1
github.com/Neo4717/NeoCoin/peers.go:27.51,29.16 2 1
github.com/Neo4717/NeoCoin/peers.go:29.16,30.12 1 1
github.com/Neo4717/NeoCoin/peers.go:32.3,33.43 2 1
github.com/Neo4717/NeoCoin/peers.go:33.43,34.12 1 0
github.com/Neo4717/NeoCoin/peers.go:36.3,36.29 1 1
github.com/Neo4717/NeoCoin/peers.go:38.2,38.14 1 1
github.com/Neo4717/NeoCoin/peers.go:41.50,49.2 1 0
github.com/Neo4717/NeoCoin/peers.go:51.41,51.86 1 0
github.com/Neo4717/NeoCoin/peers.go:53.45,54.16 1 0
github.com/Neo4717/NeoCoin/peers.go:54.16,56.3 1 0
github.com/Neo4717/NeoCoin/peers.go:57.2,57.29 1 0
github.com/Neo4717/NeoCoin/peers.go:57.29,58.16 1 0
github.com/Neo4717/NeoCoin/peers.go:58.16,60.4 1 0
github.com/Neo4717/NeoCoin/peers.go:62.2,62.35 1 0
github.com/Neo4717/NeoCoin/peers.go:73.93,75.16 2 0
github.com/Neo4717/NeoCoin/peers.go:75.16,77.3 1 0
github.com/Neo4717/NeoCoin/peers.go:78.2,79.16 2 0
github.com/Neo4717/NeoCoin/peers.go:79.16,81.3 1 0
github.com/Neo4717/NeoCoin/peers.go:82.2,83.38 2 0
github.com/Neo4717/NeoCoin/peers.go:83.38,85.3 1 0
github.com/Neo4717/NeoCoin/peers.go:86.2,87.85 2 0
github.com/Neo4717/NeoCoin/peers.go:87.85,89.3 1 0
github.com/Neo4717/NeoCoin/peers.go:90.2,90.16 1 0
github.com/Neo4717/NeoCoin/peers.go:93.128,96.16 3 0
github.com/Neo4717/NeoCoin/peers.go:96.16,98.3 1 0
github.com/Neo4717/NeoCoin/peers.go:99.2,100.16 2 0
github.com/Neo4717/NeoCoin/peers.go:100.16,102.3 1 0
github.com/Neo4717/NeoCoin/peers.go:103.2,104.38 2 0
github.com/Neo4717/NeoCoin/peers.go:104.38,106.3 1 0
github.com/Neo4717/NeoCoin/peers.go:107.2,108.91 2 0
github.com/Neo4717/NeoCoin/peers.go:108.91,110.3 1 0
github.com/Neo4717/NeoCoin/peers.go:111.2,111.21 1 0
github.com/Neo4717/NeoCoin/peers.go:114.100,116.16 2 0
github.com/Neo4717/NeoCoin/peers.go:116.16,118.3 1 0
github.com/Neo4717/NeoCoin/peers.go:119.2,120.16 2 0
github.com/Neo4717/NeoCoin/peers.go:120.16,122.3 1 0
github.com/Neo4717/NeoCoin/peers.go:123.2,124.44 2 0
github.com/Neo4717/NeoCoin/peers.go:124.44,126.3 1 0
github.com/Neo4717/NeoCoin/peers.go:127.2,127.38 1 0
github.com/Neo4717/NeoCoin/peers.go:127.38,129.3 1 0
github.com/Neo4717/NeoCoin/peers.go:130.2,131.85 2 0
github.com/Neo4717/NeoCoin/peers.go:131.85,133.3 1 0
github.com/Neo4717/NeoCoin/peers.go:134.2,134.16 1 0
github.com/Neo4717/NeoCoin/peers.go:137.105,139.32 2 0
github.com/Neo4717/NeoCoin/peers.go:139.32,141.17 2 0
github.com/Neo4717/NeoCoin/peers.go:141.17,143.4 1 0
github.com/Neo4717/NeoCoin/peers.go:144.3,144.16 1 0
github.com/Neo4717/NeoCoin/peers.go:146.2,146.20 1 0
github.com/Neo4717/NeoCoin/peers.go:146.20,148.3 1 0
github.com/Neo4717/NeoCoin/peers.go:149.2,149.25 1 0
github.com/Neo4717/NeoCoin/peers.go:154.92,155.50 1 0
github.com/Neo4717/NeoCoin/peers.go:155.50,157.3 1 0
github.com/Neo4717/NeoCoin/peers.go:158.2,159.16 2 0
github.com/Neo4717/NeoCoin/peers.go:159.16,161.3 1 0
github.com/Neo4717/NeoCoin/peers.go:162.2,162.32 1 0
github.com/Neo4717/NeoCoin/peers.go:162.32,164.13 2 0
github.com/Neo4717/NeoCoin/peers.go:164.13,166.18 2 0
github.com/Neo4717/NeoCoin/peers.go:166.18,168.5 1 0
github.com/Neo4717/NeoCoin/peers.go:169.4,172.18 4 0
github.com/Neo4717/NeoCoin/peers.go:172.18,174.5 1 0
github.com/Neo4717/NeoCoin/peers.go:175.4,175.25 1 0
github.com/Neo4717/NeoCoin/peers.go:181.106,184.55 3 0
github.com/Neo4717/NeoCoin/peers.go:184.55,185.40 1 0
github.com/Neo4717/NeoCoin/peers.go:185.40,187.4 1 0
github.com/Neo4717/NeoCoin/peers.go:188.3,188.33 1 0
github.com/Neo4717/NeoCoin/peers.go:188.33,190.4 1 0
github.com/Neo4717/NeoCoin/peers.go:191.3,194.17 3 0
github.com/Neo4717/NeoCoin/peers.go:194.17,196.4 1 0
github.com/Neo4717/NeoCoin/peers.go:199.3,200.27 2 0
github.com/Neo4717/NeoCoin/peers.go:200.27,201.47 1 0
github.com/Neo4717/NeoCoin/peers.go:201.47,202.66 1 0
github.com/Neo4717/NeoCoin/peers.go:202.66,204.6 1 0
github.com/Neo4717/NeoCoin/peers.go:207.3,208.17 2 0
github.com/Neo4717/NeoCoin/peers.go:208.17,210.4 1 0
github.com/Neo4717/NeoCoin/peers.go:211.3,211.39 1 0
github.com/Neo4717/NeoCoin/peers.go:211.39,213.12 1 0
github.com/Neo4717/NeoCoin/peers.go:216.3,216.13 1 0
github.com/Neo4717/NeoCoin/peers.go:218.2,218.50 1 0
github.com/Neo4717/NeoCoin/pow.go:18.63,22.2 3 1
github.com/Neo4717/NeoCoin/pow.go:24.55,28.6 3 1
github.com/Neo4717/NeoCoin/pow.go:28.6,30.17 2 1
github.com/Neo4717/NeoCoin/pow.go:30.17,32.4 1 0
github.com/Neo4717/NeoCoin/pow.go:33.3,35.36 3 1
github.com/Neo4717/NeoCoin/pow.go:35.36,37.4 1 1
github.com/Neo4717/NeoCoin/pow.go:38.3,38.10 1 1
github.com/Neo4717/NeoCoin/pow.go:42.50,45.16 3 0
github.com/Neo4717/NeoCoin/pow.go:45.16,47.3 1 0
github.com/Neo4717/NeoCoin/pow.go:48.2,50.74 2 0
github.com/Neo4717/NeoCoin/pow.go:50.74,52.3 1 0
github.com/Neo4717/NeoCoin/pow.go:53.2,54.43 2 0
github.com/Neo4717/NeoCoin/rules_hash.go:37.58,39.58 2 1
github.com/Neo4717/NeoCoin/rules_hash.go:39.58,41.3 1 0
github.com/Neo4717/NeoCoin/rules_hash.go:42.2,42.60 1 1
github.com/Neo4717/NeoCoin/rules_hash.go:42.60,44.3 1 0
github.com/Neo4717/NeoCoin/rules_hash.go:45.2,45.90 1 1
github.com/Neo4717/NeoCoin/rules_hash.go:45.90,47.3 1 0
github.com/Neo4717/NeoCoin/rules_hash.go:48.2,48.92 1 1
github.com/Neo4717/NeoCoin/rules_hash.go:48.92,50.3 1 0
github.com/Neo4717/NeoCoin/rules_hash.go:51.2,51.85 1 1
github.com/Neo4717/NeoCoin/rules_hash.go:51.85,53.3 1 0
github.com/Neo4717/NeoCoin/rules_hash.go:54.2,54.85 1 1
github.com/Neo4717/NeoCoin/rules_hash.go:54.85,56.3 1 0
github.com/Neo4717/NeoCoin/rules_hash.go:57.2,57.85 1 1
github.com/Neo4717/NeoCoin/rules_hash.go:57.85,59.3 1 0
github.com/Neo4717/NeoCoin/rules_hash.go:60.2,60.89 1 1
github.com/Neo4717/NeoCoin/rules_hash.go:60.89,62.3 1 0
github.com/Neo4717/NeoCoin/rules_hash.go:63.2,63.96 1 1
github.com/Neo4717/NeoCoin/rules_hash.go:63.96,65.3 1 0
github.com/Neo4717/NeoCoin/rules_hash.go:66.2,66.80 1 1
github.com/Neo4717/NeoCoin/rules_hash.go:66.80,68.3 1 0
github.com/Neo4717/NeoCoin/rules_hash.go:69.2,69.56 1 1
github.com/Neo4717/NeoCoin/rules_hash.go:69.56,71.3 1 0
github.com/Neo4717/NeoCoin/rules_hash.go:72.2,72.90 1 1
github.com/Neo4717/NeoCoin/rules_hash.go:72.90,74.3 1 0
github.com/Neo4717/NeoCoin/rules_hash.go:75.2,75.64 1 1
github.com/Neo4717/NeoCoin/rules_hash.go:75.64,77.3 1 0
github.com/Neo4717/NeoCoin/rules_hash.go:78.2,78.98 1 1
github.com/Neo4717/NeoCoin/rules_hash.go:78.98,80.3 1 0
github.com/Neo4717/NeoCoin/rules_hash.go:81.2,81.80 1 1
github.com/Neo4717/NeoCoin/rules_hash.go:81.80,83.3 1 0
github.com/Neo4717/NeoCoin/rules_hash.go:84.2,84.101 1 1
github.com/Neo4717/NeoCoin/rules_hash.go:84.101,86.3 1 0
github.com/Neo4717/NeoCoin/rules_hash.go:87.2,87.98 1 1
github.com/Neo4717/NeoCoin/rules_hash.go:87.98,89.3 1 0
github.com/Neo4717/NeoCoin/rules_hash.go:90.2,90.70 1 1
github.com/Neo4717/NeoCoin/rules_hash.go:90.70,92.3 1 0
github.com/Neo4717/NeoCoin/rules_hash.go:93.2,93.95 1 1
github.com/Neo4717/NeoCoin/rules_hash.go:93.95,95.3 1 0
github.com/Neo4717/NeoCoin/rules_hash.go:96.2,96.25 1 1
github.com/Neo4717/NeoCoin/rules_hash.go:100.56,102.16 2 1
github.com/Neo4717/NeoCoin/rules_hash.go:102.16,104.3 1 0
github.com/Neo4717/NeoCoin/rules_hash.go:105.2,105.37 1 1
github.com/Neo4717/NeoCoin/rules_hash.go:109.51,111.16 2 1
github.com/Neo4717/NeoCoin/rules_hash.go:111.16,112.62 1 0
github.com/Neo4717/NeoCoin/rules_hash.go:114.2,114.10 1 1
github.com/Neo4717/NeoCoin/rules_hash.go:117.49,118.7 1 1
github.com/Neo4717/NeoCoin/rules_hash.go:118.7,120.3 1 1
github.com/Neo4717/NeoCoin/rules_hash.go:121.2,121.25 1 1
github.com/Neo4717/NeoCoin/rules_hash.go:124.60,126.16 2 0
github.com/Neo4717/NeoCoin/rules_hash.go:126.16,128.3 1 0
github.com/Neo4717/NeoCoin/rules_hash.go:129.2,129.18 1 0
github.com/Neo4717/NeoCoin/rules_hash.go:132.63,134.16 2 0
github.com/Neo4717/NeoCoin/rules_hash.go:134.16,136.3 1 0
github.com/Neo4717/NeoCoin/rules_hash.go:137.2,137.35 1 0
github.com/Neo4717/NeoCoin/rules_hash.go:141.50,143.16 2 0
github.com/Neo4717/NeoCoin/rules_hash.go:143.16,145.3 1 0
github.com/Neo4717/NeoCoin/rules_hash.go:146.2,146.18 1 0
github.com/Neo4717/NeoCoin/rules_hash.go:146.18,148.3 1 0
github.com/Neo4717/NeoCoin/rules_hash.go:149.2,149.15 1 0
github.com/Neo4717/NeoCoin/store.go:51.50,53.17 2 0
github.com/Neo4717/NeoCoin/store.go:54.18,56.17 2 0
github.com/Neo4717/NeoCoin/store.go:56.17,60.4 2 0
github.com/Neo4717/NeoCoin/store.go:62.3,62.36 1 0
github.com/Neo4717/NeoCoin/store.go:63.13,64.36 1 0
github.com/Neo4717/NeoCoin/store.go:65.10,66.63 1 0
github.com/Neo4717/NeoCoin/store.go:76.51,77.63 1 1
github.com/Neo4717/NeoCoin/store.go:77.63,79.3 1 0
github.com/Neo4717/NeoCoin/store.go:80.2,80.35 1 1
github.com/Neo4717/NeoCoin/store.go:83.54,85.16 2 1
github.com/Neo4717/NeoCoin/store.go:85.16,86.25 1 1
github.com/Neo4717/NeoCoin/store.go:86.25,88.4 1 1
github.com/Neo4717/NeoCoin/store.go:89.3,89.18 1 0
github.com/Neo4717/NeoCoin/store.go:91.2,97.6 5 0
github.com/Neo4717/NeoCoin/store.go:97.6,100.17 3 0
github.com/Neo4717/NeoCoin/store.go:100.17,104.12 3 0
github.com/Neo4717/NeoCoin/store.go:106.3,106.20 1 0
github.com/Neo4717/NeoCoin/store.go:106.20,108.4 1 0
github.com/Neo4717/NeoCoin/store.go:109.3,109.55 1 0
github.com/Neo4717/NeoCoin/store.go:113.56,115.16 2 1
github.com/Neo4717/NeoCoin/store.go:115.16,117.3 1 0
github.com/Neo4717/NeoCoin/store.go:118.2,122.42 4 1
github.com/Neo4717/NeoCoin/store.go:122.42,124.3 1 0
github.com/Neo4717/NeoCoin/store.go:125.2,125.18 1 1
github.com/Neo4717/NeoCoin/store.go:128.60,131.16 3 0
github.com/Neo4717/NeoCoin/store.go:131.16,133.3 1 0
github.com/Neo4717/NeoCoin/store.go:134.2,136.27 3 0
github.com/Neo4717/NeoCoin/store.go:136.27,137.39 1 0
github.com/Neo4717/NeoCoin/store.go:137.39,140.4 2 0
github.com/Neo4717/NeoCoin/store.go:142.2,142.34 1 0
github.com/Neo4717/NeoCoin/store.go:142.34,145.3 2 0
github.com/Neo4717/NeoCoin/store.go:146.2,146.34 1 0
github.com/Neo4717/NeoCoin/store.go:146.34,148.3 1 0
github.com/Neo4717/NeoCoin/store.go:149.2,149.31 1 0
github.com/Neo4717/NeoCoin/store.go:152.45,155.2 1 1
github.com/Neo4717/NeoCoin/store.go:157.63,159.16 2 1
github.com/Neo4717/NeoCoin/store.go:159.16,161.3 1 0
github.com/Neo4717/NeoCoin/store.go:162.2,163.27 2 1
github.com/Neo4717/NeoCoin/store.go:163.27,164.23 1 0
github.com/Neo4717/NeoCoin/store.go:164.23,165.12 1 0
github.com/Neo4717/NeoCoin/store.go:167.3,167.38 1 0
github.com/Neo4717/NeoCoin/store.go:169.2,169.17 1 1
github.com/Neo4717/NeoCoin/store.go:172.57,175.18 2 1
github.com/Neo4717/NeoCoin/store.go:175.18,177.3 1 1
github.com/Neo4717/NeoCoin/store.go:178.2,179.16 2 1
github.com/Neo4717/NeoCoin/store.go:179.16,180.25 1 1
github.com/Neo4717/NeoCoin/store.go:180.25,182.4 1 1
github.com/Neo4717/NeoCoin/store.go:183.3,183.25 1 0
github.com/Neo4717/NeoCoin/store.go:185.2,185.17 1 0
github.com/Neo4717/NeoCoin/store.go:185.17,187.3 1 0
github.com/Neo4717/NeoCoin/store.go:188.2,188.18 1 0
github.com/Neo4717/NeoCoin/store.go:188.18,190.3 1 0
github.com/Neo4717/NeoCoin/store.go:191.2,191.45 1 0
github.com/Neo4717/NeoCoin/store.go:194.52,195.21 1 1
github.com/Neo4717/NeoCoin/store.go:195.21,197.3 1 0
github.com/Neo4717/NeoCoin/store.go:198.2,199.18 2 1
github.com/Neo4717/NeoCoin/store.go:199.18,201.3 1 1
github.com/Neo4717/NeoCoin/store.go:202.2,202.63 1 1
github.com/Neo4717/NeoCoin/store.go:202.63,204.3 1 0
github.com/Neo4717/NeoCoin/store.go:205.2,206.55 2 1
github.com/Neo4717/NeoCoin/store.go:206.55,208.3 1 0
github.com/Neo4717/NeoCoin/store.go:209.2,209.29 1 1
github.com/Neo4717/NeoCoin/store.go:212.59,215.18 2 1
github.com/Neo4717/NeoCoin/store.go:215.18,217.3 1 1
github.com/Neo4717/NeoCoin/store.go:218.2,219.16 2 1
github.com/Neo4717/NeoCoin/store.go:219.16,220.25 1 1
github.com/Neo4717/NeoCoin/store.go:220.25,222.4 1 1
github.com/Neo4717/NeoCoin/store.go:223.3,223.25 1 0
github.com/Neo4717/NeoCoin/store.go:225.2,225.17 1 0
github.com/Neo4717/NeoCoin/store.go:225.17,227.3 1 0
github.com/Neo4717/NeoCoin/store.go:228.2,228.18 1 0
github.com/Neo4717/NeoCoin/store.go:228.18,230.3 1 0
github.com/Neo4717/NeoCoin/store.go:231.2,231.45 1 0
github.com/Neo4717/NeoCoin/store.go:234.54,235.21 1 1
github.com/Neo4717/NeoCoin/store.go:235.21,237.3 1 0
github.com/Neo4717/NeoCoin/store.go:238.2,239.18 2 1
github.com/Neo4717/NeoCoin/store.go:239.18,241.3 1 1
github.com/Neo4717/NeoCoin/store.go:242.2,242.63 1 1
github.com/Neo4717/NeoCoin/store.go:242.63,244.3 1 0
github.com/Neo4717/NeoCoin/store.go:245.2,246.55 2 1
github.com/Neo4717/NeoCoin/store.go:246.55,248.3 1 0
github.com/Neo4717/NeoCoin/store.go:249.2,249.29 1 1
github.com/Neo4717/NeoCoin/store.go:252.67,255.16 2 0
github.com/Neo4717/NeoCoin/store.go:255.16,257.3 1 0
github.com/Neo4717/NeoCoin/store.go:258.2,258.20 1 0
github.com/Neo4717/NeoCoin/store.go:258.20,260.3 1 0
github.com/Neo4717/NeoCoin/store.go:262.2,263.16 2 0
github.com/Neo4717/NeoCoin/store.go:263.16,265.3 1 0
github.com/Neo4717/NeoCoin/store.go:266.2,267.16 2 0
github.com/Neo4717/NeoCoin/store.go:267.16,269.3 1 0
github.com/Neo4717/NeoCoin/store.go:270.2,270.22 1 0
github.com/Neo4717/NeoCoin/store.go:270.22,272.3 1 0
github.com/Neo4717/NeoCoin/store.go:273.2,273.27 1 0
github.com/Neo4717/NeoCoin/store.go:273.27,274.42 1 0
github.com/Neo4717/NeoCoin/store.go:274.42,276.4 1 0
github.com/Neo4717/NeoCoin/store.go:279.2,279.19 1 0
github.com/Neo4717/NeoCoin/store.go:279.19,281.71 2 0
github.com/Neo4717/NeoCoin/store.go:281.71,283.4 1 0
github.com/Neo4717/NeoCoin/store.go:284.3,285.73 2 0
github.com/Neo4717/NeoCoin/store.go:285.73,287.4 1 0
github.com/Neo4717/NeoCoin/store.go:289.2,289.38 1 0
github.com/Neo4717/NeoCoin/store_bolt.go:21.53,22.63 1 1
github.com/Neo4717/NeoCoin/store_bolt.go:22.63,24.3 1 0
github.com/Neo4717/NeoCoin/store_bolt.go:25.2,26.16 2 1
github.com/Neo4717/NeoCoin/store_bolt.go:26.16,28.3 1 0
github.com/Neo4717/NeoCoin/store_bolt.go:29.2,30.48 2 1
github.com/Neo4717/NeoCoin/store_bolt.go:30.48,31.77 1 1
github.com/Neo4717/NeoCoin/store_bolt.go:31.77,33.4 1 0
github.com/Neo4717/NeoCoin/store_bolt.go:34.3,34.76 1 1
github.com/Neo4717/NeoCoin/store_bolt.go:34.76,36.4 1 0
github.com/Neo4717/NeoCoin/store_bolt.go:37.3,37.75 1 1
github.com/Neo4717/NeoCoin/store_bolt.go:37.75,39.4 1 0
github.com/Neo4717/NeoCoin/store_bolt.go:40.3,40.13 1 1
github.com/Neo4717/NeoCoin/store_bolt.go:41.17,44.3 2 0
github.com/Neo4717/NeoCoin/store_bolt.go:45.2,45.15 1 1
github.com/Neo4717/NeoCoin/store_bolt.go:48.50,49.42 1 1
github.com/Neo4717/NeoCoin/store_bolt.go:49.42,51.3 1 0
github.com/Neo4717/NeoCoin/store_bolt.go:52.2,54.59 3 1
github.com/Neo4717/NeoCoin/store_bolt.go:54.59,56.3 1 0
github.com/Neo4717/NeoCoin/store_bolt.go:57.2,59.45 2 1
github.com/Neo4717/NeoCoin/store_bolt.go:59.45,61.46 2 1
github.com/Neo4717/NeoCoin/store_bolt.go:61.46,63.4 1 1
github.com/Neo4717/NeoCoin/store_bolt.go:64.3,64.25 1 0
github.com/Neo4717/NeoCoin/store_bolt.go:68.64,70.43 2 1
github.com/Neo4717/NeoCoin/store_bolt.go:70.43,72.44 2 1
github.com/Neo4717/NeoCoin/store_bolt.go:72.44,74.74 2 1
github.com/Neo4717/NeoCoin/store_bolt.go:74.74,76.5 1 0
github.com/Neo4717/NeoCoin/store_bolt.go:77.4,80.14 4 1
github.com/Neo4717/NeoCoin/store_bolt.go:83.2,83.17 1 1
github.com/Neo4717/NeoCoin/store_bolt.go:86.55,88.43 2 1
github.com/Neo4717/NeoCoin/store_bolt.go:88.43,91.52 3 1
github.com/Neo4717/NeoCoin/store_bolt.go:91.52,94.18 3 1
github.com/Neo4717/NeoCoin/store_bolt.go:94.18,96.5 1 0
github.com/Neo4717/NeoCoin/store_bolt.go:97.4,98.76 2 1
github.com/Neo4717/NeoCoin/store_bolt.go:98.76,100.5 1 0
github.com/Neo4717/NeoCoin/store_bolt.go:101.4,102.32 2 1
github.com/Neo4717/NeoCoin/store_bolt.go:104.3,104.13 1 1
github.com/Neo4717/NeoCoin/store_bolt.go:106.2,106.20 1 1
github.com/Neo4717/NeoCoin/store_bolt.go:109.57,110.42 1 1
github.com/Neo4717/NeoCoin/store_bolt.go:110.42,112.3 1 0
github.com/Neo4717/NeoCoin/store_bolt.go:113.2,117.59 4 1
github.com/Neo4717/NeoCoin/store_bolt.go:117.59,119.3 1 0
github.com/Neo4717/NeoCoin/store_bolt.go:120.2,122.45 2 1
github.com/Neo4717/NeoCoin/store_bolt.go:122.45,128.56 4 1
github.com/Neo4717/NeoCoin/store_bolt.go:128.56,129.52 1 1
github.com/Neo4717/NeoCoin/store_bolt.go:129.52,131.5 1 0
github.com/Neo4717/NeoCoin/store_bolt.go:135.3,135.23 1 1
github.com/Neo4717/NeoCoin/store_bolt.go:135.23,137.23 2 0
github.com/Neo4717/NeoCoin/store_bolt.go:137.23,139.5 1 0
github.com/Neo4717/NeoCoin/store_bolt.go:140.4,140.46 1 0
github.com/Neo4717/NeoCoin/store_bolt.go:140.46,142.5 1 0
github.com/Neo4717/NeoCoin/store_bolt.go:145.3,145.56 1 1
github.com/Neo4717/NeoCoin/store_bolt.go:145.56,147.4 1 0
github.com/Neo4717/NeoCoin/store_bolt.go:148.3,148.65 1 1
github.com/Neo4717/NeoCoin/store_bolt.go:148.65,150.4 1 0
github.com/Neo4717/NeoCoin/store_bolt.go:151.3,151.53 1 1
github.com/Neo4717/NeoCoin/store_bolt.go:155.61,156.45 1 0
github.com/Neo4717/NeoCoin/store_bolt.go:156.45,163.36 5 0
github.com/Neo4717/NeoCoin/store_bolt.go:163.36,165.43 2 0
github.com/Neo4717/NeoCoin/store_bolt.go:165.43,167.5 1 0
github.com/Neo4717/NeoCoin/store_bolt.go:168.4,168.13 1 0
github.com/Neo4717/NeoCoin/store_bolt.go:171.3,173.28 3 0
github.com/Neo4717/NeoCoin/store_bolt.go:173.28,174.36 1 0
github.com/Neo4717/NeoCoin/store_bolt.go:174.36,176.5 1 0
github.com/Neo4717/NeoCoin/store_bolt.go:177.4,178.57 2 0
github.com/Neo4717/NeoCoin/store_bolt.go:178.57,180.5 1 0
github.com/Neo4717/NeoCoin/store_bolt.go:181.4,182.53 2 0
github.com/Neo4717/NeoCoin/store_bolt.go:182.53,183.57 1 0
github.com/Neo4717/NeoCoin/store_bolt.go:183.57,185.6 1 0
github.com/Neo4717/NeoCoin/store_bolt.go:187.4,187.59 1 0
github.com/Neo4717/NeoCoin/store_bolt.go:187.59,189.5 1 0
github.com/Neo4717/NeoCoin/store_bolt.go:190.4,191.24 2 0
github.com/Neo4717/NeoCoin/store_bolt.go:193.3,193.21 1 0
github.com/Neo4717/NeoCoin/store_bolt.go:193.21,198.4 3 0
github.com/Neo4717/NeoCoin/store_bolt.go:199.3,199.65 1 0
github.com/Neo4717/NeoCoin/store_bolt.go:199.65,201.4 1 0
github.com/Neo4717/NeoCoin/store_bolt.go:202.3,202.60 1 0
github.com/Neo4717/NeoCoin/store_bolt.go:206.29,210.2 3 1
github.com/Neo4717/NeoCoin/store_bolt.go:212.58,214.43 2 1
github.com/Neo4717/NeoCoin/store_bolt.go:214.43,216.19 2 1
github.com/Neo4717/NeoCoin/store_bolt.go:216.19,218.4 1 0
github.com/Neo4717/NeoCoin/store_bolt.go:219.3,220.15 2 1
github.com/Neo4717/NeoCoin/store_bolt.go:220.15,222.4 1 1
github.com/Neo4717/NeoCoin/store_bolt.go:223.3,224.13 2 1
github.com/Neo4717/NeoCoin/store_bolt.go:226.2,226.16 1 1
github.com/Neo4717/NeoCoin/store_bolt.go:226.16,228.3 1 0
github.com/Neo4717/NeoCoin/store_bolt.go:229.2,229.19 1 1
github.com/Neo4717/NeoCoin/store_bolt.go:229.19,231.3 1 1
github.com/Neo4717/NeoCoin/store_bolt.go:232.2,232.23 1 1
github.com/Neo4717/NeoCoin/store_bolt.go:235.53,236.21 1 1
github.com/Neo4717/NeoCoin/store_bolt.go:236.21,238.3 1 0
github.com/Neo4717/NeoCoin/store_bolt.go:239.2,239.45 1 1
github.com/Neo4717/NeoCoin/store_bolt.go:239.45,241.19 2 1
github.com/Neo4717/NeoCoin/store_bolt.go:241.19,244.18 3 0
github.com/Neo4717/NeoCoin/store_bolt.go:244.18,246.5 1 0
github.com/Neo4717/NeoCoin/store_bolt.go:248.3,248.72 1 1
github.com/Neo4717/NeoCoin/store_bolt.go:252.60,254.43 2 1
github.com/Neo4717/NeoCoin/store_bolt.go:254.43,256.19 2 1
github.com/Neo4717/NeoCoin/store_bolt.go:256.19,258.4 1 0
github.com/Neo4717/NeoCoin/store_bolt.go:259.3,260.15 2 1
github.com/Neo4717/NeoCoin/store_bolt.go:260.15,262.4 1 1
github.com/Neo4717/NeoCoin/store_bolt.go:263.3,264.13 2 0
github.com/Neo4717/NeoCoin/store_bolt.go:266.2,266.16 1 1
github.com/Neo4717/NeoCoin/store_bolt.go:266.16,268.3 1 0
github.com/Neo4717/NeoCoin/store_bolt.go:269.2,269.19 1 1
github.com/Neo4717/NeoCoin/store_bolt.go:269.19,271.3 1 1
github.com/Neo4717/NeoCoin/store_bolt.go:272.2,272.23 1 0
github.com/Neo4717/NeoCoin/store_bolt.go:275.55,276.21 1 1
github.com/Neo4717/NeoCoin/store_bolt.go:276.21,278.3 1 0
github.com/Neo4717/NeoCoin/store_bolt.go:279.2,279.45 1 1
github.com/Neo4717/NeoCoin/store_bolt.go:279.45,281.19 2 1
github.com/Neo4717/NeoCoin/store_bolt.go:281.19,284.18 3 0
github.com/Neo4717/NeoCoin/store_bolt.go:284.18,286.5 1 0
github.com/Neo4717/NeoCoin/store_bolt.go:288.3,288.74 1 1
github.com/Neo4717/NeoCoin/sync.go:21.80,22.19 1 0
github.com/Neo4717/NeoCoin/sync.go:22.19,24.3 1 0
github.com/Neo4717/NeoCoin/sync.go:25.2,30.3 1 0
github.com/Neo4717/NeoCoin/sync.go:33.45,37.6 3 0
github.com/Neo4717/NeoCoin/sync.go:37.6,38.10 1 0
github.com/Neo4717/NeoCoin/sync.go:39.21,40.10 1 0
github.com/Neo4717/NeoCoin/sync.go:41.14,42.19 1 0
github.com/Neo4717/NeoCoin/sync.go:47.50,48.17 1 0
github.com/Neo4717/NeoCoin/sync.go:48.17,50.3 1 0
github.com/Neo4717/NeoCoin/sync.go:51.2,54.46 4 0
github.com/Neo4717/NeoCoin/sync.go:54.46,56.3 1 0
github.com/Neo4717/NeoCoin/sync.go:57.2,59.36 2 0
github.com/Neo4717/NeoCoin/sync.go:59.36,61.17 2 0
github.com/Neo4717/NeoCoin/sync.go:61.17,62.12 1 0
github.com/Neo4717/NeoCoin/sync.go:64.3,64.35 1 0
github.com/Neo4717/NeoCoin/sync.go:64.35,65.12 1 0
github.com/Neo4717/NeoCoin/sync.go:67.3,67.73 1 0
github.com/Neo4717/NeoCoin/sync.go:67.73,68.12 1 0
github.com/Neo4717/NeoCoin/sync.go:70.3,70.87 1 0
github.com/Neo4717/NeoCoin/sync.go:70.87,71.12 1 0
github.com/Neo4717/NeoCoin/sync.go:73.3,73.95 1 0
github.com/Neo4717/NeoCoin/sync.go:73.95,74.12 1 0
github.com/Neo4717/NeoCoin/sync.go:76.3,76.33 1 0
github.com/Neo4717/NeoCoin/sync.go:76.33,77.12 1 0
github.com/Neo4717/NeoCoin/sync.go:80.3,81.29 2 0
github.com/Neo4717/NeoCoin/sync.go:81.29,83.4 1 0
github.com/Neo4717/NeoCoin/sync.go:85.3,86.17 2 0
github.com/Neo4717/NeoCoin/sync.go:86.17,87.12 1 0
github.com/Neo4717/NeoCoin/sync.go:89.3,89.29 1 0
github.com/Neo4717/NeoCoin/sync.go:89.29,90.48 1 0
github.com/Neo4717/NeoCoin/sync.go:90.48,91.13 1 0
github.com/Neo4717/NeoCoin/sync.go:93.4,94.18 2 0
github.com/Neo4717/NeoCoin/sync.go:94.18,95.13 1 0
github.com/Neo4717/NeoCoin/sync.go:97.4,98.54 2 0
github.com/Neo4717/NeoCoin/sync.go:98.54,100.76 1 0
github.com/Neo4717/NeoCoin/sync.go:100.76,102.6 1 0
github.com/Neo4717/NeoCoin/sync.go:103.5,103.13 1 0
github.com/Neo4717/NeoCoin/sync.go:105.4,105.18 1 0
github.com/Neo4717/NeoCoin/sync.go:105.18,107.5 1 0
github.com/Neo4717/NeoCoin/sync.go:111.2,111.22 1 0
github.com/Neo4717/NeoCoin/sync.go:114.55,115.17 1 0
github.com/Neo4717/NeoCoin/sync.go:115.17,117.3 1 0
github.com/Neo4717/NeoCoin/sync.go:118.2,119.29 2 0
github.com/Neo4717/NeoCoin/sync.go:119.29,121.3 1 0
github.com/Neo4717/NeoCoin/sync.go:122.2,122.36 1 0
github.com/Neo4717/NeoCoin/sync.go:122.36,123.21 1 0
github.com/Neo4717/NeoCoin/sync.go:123.21,125.18 2 0
github.com/Neo4717/NeoCoin/sync.go:125.18,127.5 1 0
github.com/Neo4717/NeoCoin/sync.go:128.4,129.18 2 0
github.com/Neo4717/NeoCoin/sync.go:129.18,131.5 1 0
github.com/Neo4717/NeoCoin/sync.go:132.4,133.40 2 0
github.com/Neo4717/NeoCoin/sync.go:133.40,135.5 1 0
github.com/Neo4717/NeoCoin/sync.go:136.4,142.69 2 0
github.com/Neo4717/NeoCoin/sync.go:142.69,144.5 1 0
github.com/Neo4717/NeoCoin/sync.go:145.4,145.39 1 0
github.com/Neo4717/NeoCoin/sync.go:145.39,147.34 2 0
github.com/Neo4717/NeoCoin/sync.go:147.34,149.6 1 0
github.com/Neo4717/NeoCoin/term_linux.go:16.78,17.24 1 0
github.com/Neo4717/NeoCoin/term_linux.go:17.24,19.3 1 0
github.com/Neo4717/NeoCoin/term_linux.go:21.2,23.16 3 0
github.com/Neo4717/NeoCoin/term_linux.go:23.16,25.3 1 0
github.com/Neo4717/NeoCoin/term_linux.go:26.2,28.73 3 0
github.com/Neo4717/NeoCoin/term_linux.go:28.73,30.3 1 0
github.com/Neo4717/NeoCoin/term_linux.go:31.2,31.15 1 0
github.com/Neo4717/NeoCoin/term_linux.go:31.15,31.70 1 0
github.com/Neo4717/NeoCoin/term_linux.go:33.2,37.43 5 0
github.com/Neo4717/NeoCoin/term_linux.go:37.43,39.3 1 0
github.com/Neo4717/NeoCoin/term_linux.go:40.2,40.48 1 0
github.com/Neo4717/NeoCoin/time_rules.go:9.73,10.34 1 0
github.com/Neo4717/NeoCoin/time_rules.go:10.34,12.3 1 0
github.com/Neo4717/NeoCoin/time_rules.go:13.2,17.45 3 0
github.com/Neo4717/NeoCoin/time_rules.go:17.45,19.3 1 0
github.com/Neo4717/NeoCoin/time_rules.go:21.2,22.30 2 0
github.com/Neo4717/NeoCoin/time_rules.go:22.30,24.3 1 0
github.com/Neo4717/NeoCoin/time_rules.go:28.2,28.80 1 0
github.com/Neo4717/NeoCoin/time_rules.go:28.80,30.3 1 0
github.com/Neo4717/NeoCoin/time_rules.go:31.2,31.12 1 0
github.com/Neo4717/NeoCoin/time_rules.go:34.73,37.17 2 0
github.com/Neo4717/NeoCoin/time_rules.go:37.17,39.3 1 0
github.com/Neo4717/NeoCoin/time_rules.go:40.2,40.16 1 0
github.com/Neo4717/NeoCoin/time_rules.go:40.16,42.3 1 0
github.com/Neo4717/NeoCoin/time_rules.go:43.2,44.15 2 0
github.com/Neo4717/NeoCoin/time_rules.go:44.15,46.3 1 0
github.com/Neo4717/NeoCoin/time_rules.go:47.2,48.52 2 0
github.com/Neo4717/NeoCoin/time_rules.go:48.52,50.3 1 0
github.com/Neo4717/NeoCoin/time_rules.go:51.2,51.18 1 0
github.com/Neo4717/NeoCoin/time_rules.go:51.18,53.3 1 0
github.com/Neo4717/NeoCoin/time_rules.go:54.2,54.37 1 0
github.com/Neo4717/NeoCoin/time_rules.go:54.37,54.61 1 0
github.com/Neo4717/NeoCoin/time_rules.go:55.2,55.22 1 0
github.com/Neo4717/NeoCoin/txid.go:7.46,9.16 2 0
github.com/Neo4717/NeoCoin/txid.go:9.16,11.3 1 0
github.com/Neo4717/NeoCoin/txid.go:12.2,12.35 1 0
github.com/Neo4717/NeoCoin/txid.go:15.92,17.2 1 0
github.com/Neo4717/NeoCoin/types.go:46.41,48.2 1 1
github.com/Neo4717/NeoCoin/types.go:50.52,51.26 1 0
github.com/Neo4717/NeoCoin/types.go:51.26,53.3 1 0
github.com/Neo4717/NeoCoin/types.go:54.2,54.48 1 0
github.com/Neo4717/NeoCoin/types.go:54.48,56.3 1 0
github.com/Neo4717/NeoCoin/types.go:57.2,57.43 1 0
github.com/Neo4717/NeoCoin/types.go:63.62,85.26 3 1
github.com/Neo4717/NeoCoin/types.go:85.26,87.17 2 0
github.com/Neo4717/NeoCoin/types.go:87.17,89.4 1 0
github.com/Neo4717/NeoCoin/types.go:90.3,90.24 1 0
github.com/Neo4717/NeoCoin/types.go:93.2,94.16 2 1
github.com/Neo4717/NeoCoin/types.go:94.16,96.3 1 0
github.com/Neo4717/NeoCoin/types.go:97.2,98.20 2 1
github.com/Neo4717/NeoCoin/types.go:103.52,105.2 1 0
github.com/Neo4717/NeoCoin/types.go:107.60,108.26 1 0
github.com/Neo4717/NeoCoin/types.go:108.26,110.3 1 0
github.com/Neo4717/NeoCoin/types.go:111.2,111.48 1 0
github.com/Neo4717/NeoCoin/types.go:111.48,113.3 1 0
github.com/Neo4717/NeoCoin/types.go:114.2,114.47 1 0
github.com/Neo4717/NeoCoin/types.go:114.47,116.3 1 0
github.com/Neo4717/NeoCoin/types.go:117.2,117.51 1 0
github.com/Neo4717/NeoCoin/types.go:117.51,119.3 1 0
github.com/Neo4717/NeoCoin/types.go:120.2,120.12 1 0
github.com/Neo4717/NeoCoin/types.go:123.37,124.16 1 1
github.com/Neo4717/NeoCoin/types.go:125.18,126.21 1 1
github.com/Neo4717/NeoCoin/types.go:126.21,128.4 1 0
github.com/Neo4717/NeoCoin/types.go:129.3,129.20 1 1
github.com/Neo4717/NeoCoin/types.go:129.20,131.4 1 0
github.com/Neo4717/NeoCoin/types.go:132.3,132.54 1 1
github.com/Neo4717/NeoCoin/types.go:132.54,134.4 1 0
github.com/Neo4717/NeoCoin/types.go:135.3,135.78 1 1
github.com/Neo4717/NeoCoin/types.go:135.78,137.4 1 0
github.com/Neo4717/NeoCoin/types.go:138.3,138.13 1 1
github.com/Neo4717/NeoCoin/types.go:139.18,140.20 1 0
github.com/Neo4717/NeoCoin/types.go:140.20,142.4 1 0
github.com/Neo4717/NeoCoin/types.go:143.3,143.54 1 0
github.com/Neo4717/NeoCoin/types.go:143.54,145.4 1 0
github.com/Neo4717/NeoCoin/types.go:146.3,146.49 1 0
github.com/Neo4717/NeoCoin/types.go:146.49,148.4 1 0
github.com/Neo4717/NeoCoin/types.go:149.3,149.48 1 0
github.com/Neo4717/NeoCoin/types.go:149.48,151.4 1 0
github.com/Neo4717/NeoCoin/types.go:152.3,152.19 1 0
github.com/Neo4717/NeoCoin/types.go:152.19,154.4 1 0
github.com/Neo4717/NeoCoin/types.go:155.3,155.21 1 0
github.com/Neo4717/NeoCoin/types.go:155.21,157.4 1 0
github.com/Neo4717/NeoCoin/types.go:158.3,159.17 2 0
github.com/Neo4717/NeoCoin/types.go:159.17,161.4 1 0
github.com/Neo4717/NeoCoin/types.go:162.3,162.36 1 0
github.com/Neo4717/NeoCoin/types.go:163.10,164.60 1 0
github.com/Neo4717/NeoCoin/types.go:171.81,172.16 1 1
github.com/Neo4717/NeoCoin/types.go:173.18,175.20 1 1
github.com/Neo4717/NeoCoin/types.go:176.18,178.20 1 0
github.com/Neo4717/NeoCoin/types.go:178.20,180.4 1 0
github.com/Neo4717/NeoCoin/types.go:181.3,181.54 1 0
github.com/Neo4717/NeoCoin/types.go:181.54,183.4 1 0
github.com/Neo4717/NeoCoin/types.go:184.3,184.49 1 0
github.com/Neo4717/NeoCoin/types.go:184.49,186.4 1 0
github.com/Neo4717/NeoCoin/types.go:187.3,187.48 1 0
github.com/Neo4717/NeoCoin/types.go:187.48,189.4 1 0
github.com/Neo4717/NeoCoin/types.go:190.3,190.19 1 0
github.com/Neo4717/NeoCoin/types.go:190.19,192.4 1 0
github.com/Neo4717/NeoCoin/types.go:193.3,193.21 1 0
github.com/Neo4717/NeoCoin/types.go:193.21,195.4 1 0
github.com/Neo4717/NeoCoin/types.go:196.3,197.17 2 0
github.com/Neo4717/NeoCoin/types.go:197.17,199.4 1 0
github.com/Neo4717/NeoCoin/types.go:200.3,200.36 1 0
github.com/Neo4717/NeoCoin/types.go:201.10,202.60 1 0
github.com/Neo4717/NeoCoin/types.go:219.48,221.2 1 0
github.com/Neo4717/NeoCoin/types.go:223.77,225.36 2 1
github.com/Neo4717/NeoCoin/types.go:225.36,227.17 2 1
github.com/Neo4717/NeoCoin/types.go:227.17,229.4 1 0
github.com/Neo4717/NeoCoin/types.go:230.3,230.14 1 1
github.com/Neo4717/NeoCoin/types.go:232.2,233.17 2 1
github.com/Neo4717/NeoCoin/types.go:238.48,240.2 1 0
github.com/Neo4717/NeoCoin/types.go:242.77,244.36 2 0
github.com/Neo4717/NeoCoin/types.go:244.36,246.17 2 0
github.com/Neo4717/NeoCoin/types.go:246.17,248.4 1 0
github.com/Neo4717/NeoCoin/types.go:249.3,249.30 1 0
github.com/Neo4717/NeoCoin/types.go:251.2,251.27 1 0
github.com/Neo4717/NeoCoin/types.go:254.53,257.19 3 0
github.com/Neo4717/NeoCoin/types.go:258.9,259.31 1 0
github.com/Neo4717/NeoCoin/types.go:260.10,261.31 1 0
github.com/Neo4717/NeoCoin/types.go:263.2,263.16 1 0
github.com/Neo4717/NeoCoin/types.go:263.16,265.3 1 0
github.com/Neo4717/NeoCoin/types.go:266.2,266.38 1 0
github.com/Neo4717/NeoCoin/types.go:269.59,271.2 1 0
github.com/Neo4717/NeoCoin/types.go:273.90,274.38 1 1
github.com/Neo4717/NeoCoin/types.go:274.38,276.3 1 0
github.com/Neo4717/NeoCoin/types.go:277.2,277.19 1 1
github.com/Neo4717/NeoCoin/types.go:278.9,280.17 2 0
github.com/Neo4717/NeoCoin/types.go:280.17,282.4 1 0
github.com/Neo4717/NeoCoin/types.go:283.3,303.25 3 0
github.com/Neo4717/NeoCoin/types.go:304.10,307.17 2 1
github.com/Neo4717/NeoCoin/types.go:307.17,309.4 1 0
github.com/Neo4717/NeoCoin/types.go:310.3,330.25 3 1
github.com/Neo4717/NeoCoin/ui_embed.go:12.40,14.16 2 0
github.com/Neo4717/NeoCoin/ui_embed.go:14.16,15.72 1 0
github.com/Neo4717/NeoCoin/ui_embed.go:15.72,17.4 1 0
github.com/Neo4717/NeoCoin/ui_embed.go:19.2,19.38 1 0
github.com/Neo4717/NeoCoin/ui_embed.go:22.38,24.16 2 0
github.com/Neo4717/NeoCoin/ui_embed.go:24.16,25.72 1 0
github.com/Neo4717/NeoCoin/ui_embed.go:25.72,27.4 1 0
github.com/Neo4717/NeoCoin/ui_embed.go:29.2,30.71 2 0
github.com/Neo4717/NeoCoin/ui_embed.go:30.71,31.44 1 0
github.com/Neo4717/NeoCoin/ui_embed.go:31.44,33.4 1 0
github.com/Neo4717/NeoCoin/ui_embed.go:34.3,34.38 1 0
github.com/Neo4717/NeoCoin/upgrade.go:39.44,56.2 2 0
github.com/Neo4717/NeoCoin/upgrade.go:58.64,62.2 3 0
github.com/Neo4717/NeoCoin/upgrade.go:64.149,69.51 4 0
github.com/Neo4717/NeoCoin/upgrade.go:69.51,71.3 1 0
github.com/Neo4717/NeoCoin/upgrade.go:73.2,73.113 1 0
github.com/Neo4717/NeoCoin/upgrade.go:73.113,75.3 1 0
github.com/Neo4717/NeoCoin/upgrade.go:77.2,89.22 3 0
github.com/Neo4717/NeoCoin/upgrade.go:92.86,97.13 4 0
github.com/Neo4717/NeoCoin/upgrade.go:97.13,99.3 1 0
github.com/Neo4717/NeoCoin/upgrade.go:101.2,101.34 1 0
github.com/Neo4717/NeoCoin/upgrade.go:101.34,103.3 1 0
github.com/Neo4717/NeoCoin/upgrade.go:105.2,105.13 1 0
github.com/Neo4717/NeoCoin/upgrade.go:105.13,107.3 1 0
github.com/Neo4717/NeoCoin/upgrade.go:107.8,109.3 1 0
github.com/Neo4717/NeoCoin/upgrade.go:111.2,111.12 1 0
github.com/Neo4717/NeoCoin/upgrade.go:114.92,119.13 4 0
github.com/Neo4717/NeoCoin/upgrade.go:119.13,121.3 1 0
github.com/Neo4717/NeoCoin/upgrade.go:123.2,123.46 1 0
github.com/Neo4717/NeoCoin/upgrade.go:123.46,125.3 1 0
github.com/Neo4717/NeoCoin/upgrade.go:127.2,132.12 5 0
github.com/Neo4717/NeoCoin/upgrade.go:135.84,141.2 4 0
github.com/Neo4717/NeoCoin/upgrade.go:143.63,148.33 4 0
github.com/Neo4717/NeoCoin/upgrade.go:148.33,150.3 1 0
github.com/Neo4717/NeoCoin/upgrade.go:151.2,151.15 1 0
github.com/Neo4717/NeoCoin/upgrade.go:154.71,159.2 3 0
github.com/Neo4717/NeoCoin/upgrade.go:161.59,166.2 3 0
github.com/Neo4717/NeoCoin/upgrade.go:168.54,173.2 3 0
github.com/Neo4717/NeoCoin/upgrade.go:175.68,181.2 4 0
github.com/Neo4717/NeoCoin/upgrade.go:189.58,198.2 3 0
github.com/Neo4717/NeoCoin/upgrade.go:200.64,202.2 1 0
github.com/Neo4717/NeoCoin/upgrade.go:204.73,215.33 5 0
github.com/Neo4717/NeoCoin/upgrade.go:215.33,216.28 1 0
github.com/Neo4717/NeoCoin/upgrade.go:216.28,218.4 1 0
github.com/Neo4717/NeoCoin/upgrade.go:220.2,222.13 2 0
github.com/Neo4717/NeoCoin/versions.go:3.69,4.58 1 1
github.com/Neo4717/NeoCoin/versions.go:4.58,6.3 1 0
github.com/Neo4717/NeoCoin/versions.go:7.2,7.10 1 1
github.com/Neo4717/NeoCoin/vm.go:52.72,62.2 1 0
github.com/Neo4717/NeoCoin/vm.go:64.30,65.27 1 0
github.com/Neo4717/NeoCoin/vm.go:65.27,66.31 1 0
github.com/Neo4717/NeoCoin/vm.go:66.31,68.4 1 0
github.com/Neo4717/NeoCoin/vm.go:70.3,73.13 3 0
github.com/Neo4717/NeoCoin/vm.go:74.15,75.16 1 0
github.com/Neo4717/NeoCoin/vm.go:77.17,78.29 1 0
github.com/Neo4717/NeoCoin/vm.go:78.29,80.5 1 0
github.com/Neo4717/NeoCoin/vm.go:81.4,83.19 3 0
github.com/Neo4717/NeoCoin/vm.go:85.17,86.31 1 0
github.com/Neo4717/NeoCoin/vm.go:86.31,88.5 1 0
github.com/Neo4717/NeoCoin/vm.go:89.4,92.19 4 0
github.com/Neo4717/NeoCoin/vm.go:94.15,95.25 1 0
github.com/Neo4717/NeoCoin/vm.go:95.25,97.5 1 0
github.com/Neo4717/NeoCoin/vm.go:98.4,99.19 2 0
github.com/Neo4717/NeoCoin/vm.go:101.16,102.25 1 0
github.com/Neo4717/NeoCoin/vm.go:102.25,104.5 1 0
github.com/Neo4717/NeoCoin/vm.go:105.4,106.19 2 0
github.com/Neo4717/NeoCoin/vm.go:108.16,109.25 1 0
github.com/Neo4717/NeoCoin/vm.go:109.25,111.5 1 0
github.com/Neo4717/NeoCoin/vm.go:112.4,113.19 2 0
github.com/Neo4717/NeoCoin/vm.go:115.15,116.25 1 0
github.com/Neo4717/NeoCoin/vm.go:116.25,118.5 1 0
github.com/Neo4717/NeoCoin/vm.go:119.4,123.19 5 0
github.com/Neo4717/NeoCoin/vm.go:125.15,126.25 1 0
github.com/Neo4717/NeoCoin/vm.go:126.25,128.5 1 0
github.com/Neo4717/NeoCoin/vm.go:129.4,133.19 5 0
github.com/Neo4717/NeoCoin/vm.go:135.15,136.25 1 0
github.com/Neo4717/NeoCoin/vm.go:136.25,138.5 1 0
github.com/Neo4717/NeoCoin/vm.go:139.4,143.19 5 0
github.com/Neo4717/NeoCoin/vm.go:145.15,146.25 1 0
github.com/Neo4717/NeoCoin/vm.go:146.25,148.5 1 0
github.com/Neo4717/NeoCoin/vm.go:149.4,151.14 3 0
github.com/Neo4717/NeoCoin/vm.go:151.14,153.5 1 0
github.com/Neo4717/NeoCoin/vm.go:154.4,156.19 3 0
github.com/Neo4717/NeoCoin/vm.go:158.17,159.25 1 0
github.com/Neo4717/NeoCoin/vm.go:159.25,161.5 1 0
github.com/Neo4717/NeoCoin/vm.go:162.4,166.19 5 0
github.com/Neo4717/NeoCoin/vm.go:168.18,169.25 1 0
github.com/Neo4717/NeoCoin/vm.go:169.25,171.5 1 0
github.com/Neo4717/NeoCoin/vm.go:172.4,172.41 1 0
github.com/Neo4717/NeoCoin/vm.go:172.41,174.5 1 0
github.com/Neo4717/NeoCoin/vm.go:175.4,176.19 2 0
github.com/Neo4717/NeoCoin/vm.go:178.18,180.25 2 0
github.com/Neo4717/NeoCoin/vm.go:180.25,181.50 1 0
github.com/Neo4717/NeoCoin/vm.go:182.16,183.43 1 0
github.com/Neo4717/NeoCoin/vm.go:184.15,185.11 1 0
github.com/Neo4717/NeoCoin/vm.go:185.11,187.7 1 0
github.com/Neo4717/NeoCoin/vm.go:187.12,189.7 1 0
github.com/Neo4717/NeoCoin/vm.go:190.17,191.16 1 0
github.com/Neo4717/NeoCoin/vm.go:194.4,194.69 1 0
github.com/Neo4717/NeoCoin/vm.go:196.16,197.25 1 0
github.com/Neo4717/NeoCoin/vm.go:197.25,199.5 1 0
github.com/Neo4717/NeoCoin/vm.go:200.4,202.44 3 0
github.com/Neo4717/NeoCoin/vm.go:202.44,204.5 1 0
github.com/Neo4717/NeoCoin/vm.go:205.4,206.19 2 0
github.com/Neo4717/NeoCoin/vm.go:208.11,209.81 1 0
github.com/Neo4717/NeoCoin/vm.go:213.2,213.53 1 0
github.com/Neo4717/NeoCoin/vm.go:221.63,223.16 2 0
github.com/Neo4717/NeoCoin/vm.go:223.16,225.3 1 0
github.com/Neo4717/NeoCoin/vm.go:226.2,229.8 1 0
github.com/Neo4717/NeoCoin/vm.go:232.58,235.2 2 0
github.com/Neo4717/NeoCoin/vm.go:237.93,240.2 2 0
github.com/Neo4717/NeoCoin/vm.go:242.56,244.2 1 0
github.com/Neo4717/NeoCoin/vm.go:246.63,248.2 1 0
github.com/Neo4717/NeoCoin/vm.go:259.95,271.2 1 0
github.com/Neo4717/NeoCoin/vm.go:273.73,275.26 2 0
github.com/Neo4717/NeoCoin/vm.go:275.26,277.3 1 0
github.com/Neo4717/NeoCoin/vm.go:278.2,280.12 3 0
github.com/Neo4717/NeoCoin/vm.go:283.59,285.2 1 0
github.com/Neo4717/NeoCoin/vm.go:287.50,289.2 1 0
github.com/Neo4717/NeoCoin/vm.go:291.77,293.2 1 0
github.com/Neo4717/NeoCoin/vm.go:295.72,298.2 2 0
github.com/Neo4717/NeoCoin/vm.go:300.66,305.2 4 0
github.com/Neo4717/NeoCoin/vm.go:313.76,314.45 1 0
github.com/Neo4717/NeoCoin/vm.go:314.45,316.3 1 0
github.com/Neo4717/NeoCoin/vm.go:317.2,324.3 1 0
github.com/Neo4717/NeoCoin/vm.go:327.74,329.33 2 0
github.com/Neo4717/NeoCoin/vm.go:329.33,330.19 1 0
github.com/Neo4717/NeoCoin/vm.go:330.19,332.4 1 0
github.com/Neo4717/NeoCoin/vm.go:334.2,334.34 1 0
github.com/Neo4717/NeoCoin/vm.go:337.47,339.2 1 0
github.com/Neo4717/NeoCoin/vm.go:341.51,343.2 1 0
github.com/Neo4717/NeoCoin/vm.go:345.68,347.20 2 0
github.com/Neo4717/NeoCoin/vm.go:347.20,349.3 1 0
github.com/Neo4717/NeoCoin/vm.go:351.2,354.20 3 0
github.com/Neo4717/NeoCoin/vm.go:354.20,355.31 1 0
github.com/Neo4717/NeoCoin/vm.go:355.31,357.4 1 0
github.com/Neo4717/NeoCoin/vm.go:360.2,360.28 1 0
github.com/Neo4717/NeoCoin/wallet.go:16.35,18.16 2 1
github.com/Neo4717/NeoCoin/wallet.go:18.16,20.3 1 0
github.com/Neo4717/NeoCoin/wallet.go:21.2,25.8 1 1
github.com/Neo4717/NeoCoin/wallet.go:28.66,30.16 2 0
github.com/Neo4717/NeoCoin/wallet.go:30.16,32.3 1 0
github.com/Neo4717/NeoCoin/wallet.go:33.2,33.40 1 0
github.com/Neo4717/NeoCoin/wallet.go:33.40,35.3 1 0
github.com/Neo4717/NeoCoin/wallet.go:36.2,42.8 3 0
github.com/Neo4717/NeoCoin/wallet.go:45.44,45.102 1 0
github.com/Neo4717/NeoCoin/wallet.go:46.44,46.101 1 0
github.com/Neo4717/NeoCoin/work.go:5.50,8.30 1 1
github.com/Neo4717/NeoCoin/work.go:8.30,10.3 1 0
github.com/Neo4717/NeoCoin/work.go:11.2,11.15 1 1
github.com/Neo4717/NeoCoin/work.go:11.15,13.3 1 0
github.com/Neo4717/NeoCoin/work.go:14.2,14.52 1 1
github.com/Neo4717/NeoCoin/ws.go:37.36,38.19 1 0
github.com/Neo4717/NeoCoin/ws.go:38.19,40.3 1 0
github.com/Neo4717/NeoCoin/ws.go:41.2,44.3 1 0
github.com/Neo4717/NeoCoin/ws.go:47.36,48.14 1 0
github.com/Neo4717/NeoCoin/ws.go:48.14,50.3 1 0
github.com/Neo4717/NeoCoin/ws.go:51.2,52.16 2 0
github.com/Neo4717/NeoCoin/ws.go:52.16,54.3 1 0
github.com/Neo4717/NeoCoin/ws.go:55.2,56.25 2 0
github.com/Neo4717/NeoCoin/ws.go:56.25,57.25 1 0
github.com/Neo4717/NeoCoin/ws.go:57.25,58.12 1 0
github.com/Neo4717/NeoCoin/ws.go:60.3,60.10 1 0
github.com/Neo4717/NeoCoin/ws.go:61.20,61.20 0 0
github.com/Neo4717/NeoCoin/ws.go:62.11,65.22 2 0
github.com/Neo4717/NeoCoin/ws.go:68.2,68.15 1 0
github.com/Neo4717/NeoCoin/ws.go:71.65,72.14 1 0
github.com/Neo4717/NeoCoin/ws.go:72.14,75.3 2 0
github.com/Neo4717/NeoCoin/ws.go:76.2,76.32 1 0
github.com/Neo4717/NeoCoin/ws.go:76.32,79.3 2 0
github.com/Neo4717/NeoCoin/ws.go:81.2,82.16 2 0
github.com/Neo4717/NeoCoin/ws.go:82.16,85.3 2 0
github.com/Neo4717/NeoCoin/ws.go:87.2,96.32 3 0
github.com/Neo4717/NeoCoin/ws.go:96.32,101.3 4 0
github.com/Neo4717/NeoCoin/ws.go:102.2,108.12 5 0
github.com/Neo4717/NeoCoin/ws.go:108.12,111.3 2 0
github.com/Neo4717/NeoCoin/ws.go:114.2,121.20 6 0
github.com/Neo4717/NeoCoin/ws.go:147.34,149.24 2 0
github.com/Neo4717/NeoCoin/ws.go:149.24,152.3 2 0
github.com/Neo4717/NeoCoin/ws.go:153.2,153.12 1 0
github.com/Neo4717/NeoCoin/ws.go:156.51,160.6 3 0
github.com/Neo4717/NeoCoin/ws.go:160.6,161.10 1 0
github.com/Neo4717/NeoCoin/ws.go:162.21,165.10 3 0
github.com/Neo4717/NeoCoin/ws.go:166.22,167.41 1 0
github.com/Neo4717/NeoCoin/ws.go:167.41,170.5 2 0
github.com/Neo4717/NeoCoin/ws.go:171.17,172.40 1 0
github.com/Neo4717/NeoCoin/ws.go:172.40,175.5 2 0
github.com/Neo4717/NeoCoin/ws.go:180.50,182.6 2 0
github.com/Neo4717/NeoCoin/ws.go:182.6,183.10 1 0
github.com/Neo4717/NeoCoin/ws.go:184.21,185.10 1 0
github.com/Neo4717/NeoCoin/ws.go:186.11,186.11 0 0
github.com/Neo4717/NeoCoin/ws.go:189.3,190.17 2 0
github.com/Neo4717/NeoCoin/ws.go:190.17,192.4 1 0
github.com/Neo4717/NeoCoin/ws.go:193.3,195.13 2 0
github.com/Neo4717/NeoCoin/ws.go:196.12,198.10 2 0
github.com/Neo4717/NeoCoin/ws.go:199.12,200.28 1 0
github.com/Neo4717/NeoCoin/ws.go:201.12,201.12 0 0
github.com/Neo4717/NeoCoin/ws.go:203.12,204.25 1 0
github.com/Neo4717/NeoCoin/ws.go:205.11,205.11 0 0
github.com/Neo4717/NeoCoin/ws.go:218.47,220.54 2 1
github.com/Neo4717/NeoCoin/ws.go:220.54,222.3 1 0
github.com/Neo4717/NeoCoin/ws.go:223.2,223.54 1 1
github.com/Neo4717/NeoCoin/ws.go:224.19,225.19 1 1
github.com/Neo4717/NeoCoin/ws.go:226.21,227.21 1 0
github.com/Neo4717/NeoCoin/ws.go:228.10,228.10 0 0
github.com/Neo4717/NeoCoin/ws.go:233.47,240.15 6 1
github.com/Neo4717/NeoCoin/ws.go:241.13,247.9 6 1
github.com/Neo4717/NeoCoin/ws.go:248.17,249.47 1 1
github.com/Neo4717/NeoCoin/ws.go:249.47,253.4 3 1
github.com/Neo4717/NeoCoin/ws.go:254.3,254.29 1 0
github.com/Neo4717/NeoCoin/ws.go:254.29,256.4 1 0
github.com/Neo4717/NeoCoin/ws.go:257.3,260.9 4 0
github.com/Neo4717/NeoCoin/ws.go:261.14,262.22 1 1
github.com/Neo4717/NeoCoin/ws.go:262.22,266.4 3 0
github.com/Neo4717/NeoCoin/ws.go:267.3,267.25 1 1
github.com/Neo4717/NeoCoin/ws.go:267.25,269.4 1 1
github.com/Neo4717/NeoCoin/ws.go:270.3,273.9 4 1
github.com/Neo4717/NeoCoin/ws.go:274.10,277.9 3 0
github.com/Neo4717/NeoCoin/ws.go:281.49,288.15 6 0
github.com/Neo4717/NeoCoin/ws.go:289.13,293.9 4 0
github.com/Neo4717/NeoCoin/ws.go:294.17,295.29 1 0
github.com/Neo4717/NeoCoin/ws.go:295.29,297.33 2 0
github.com/Neo4717/NeoCoin/ws.go:297.33,299.5 1 0
github.com/Neo4717/NeoCoin/ws.go:301.3,303.9 3 0
github.com/Neo4717/NeoCoin/ws.go:304.14,305.25 1 0
github.com/Neo4717/NeoCoin/ws.go:305.25,307.29 2 0
github.com/Neo4717/NeoCoin/ws.go:307.29,309.5 1 0
github.com/Neo4717/NeoCoin/ws.go:311.3,313.9 3 0
github.com/Neo4717/NeoCoin/ws.go:314.10,317.9 3 0
github.com/Neo4717/NeoCoin/ws.go:321.54,323.16 2 1
github.com/Neo4717/NeoCoin/ws.go:323.16,325.3 1 0
github.com/Neo4717/NeoCoin/ws.go:326.2,326.9 1 1
github.com/Neo4717/NeoCoin/ws.go:327.19,327.19 0 0
github.com/Neo4717/NeoCoin/ws.go:328.10,328.10 0 1
github.com/Neo4717/NeoCoin/ws.go:333.49,338.19 4 1
github.com/Neo4717/NeoCoin/ws.go:338.19,340.3 1 1
github.com/Neo4717/NeoCoin/ws.go:341.2,341.13 1 1
github.com/Neo4717/NeoCoin/ws.go:341.13,343.3 1 1
github.com/Neo4717/NeoCoin/ws.go:344.2,344.24 1 1
github.com/Neo4717/NeoCoin/ws.go:344.24,345.37 1 1
github.com/Neo4717/NeoCoin/ws.go:345.37,347.4 1 1
github.com/Neo4717/NeoCoin/ws.go:349.2,349.29 1 1
github.com/Neo4717/NeoCoin/ws.go:349.29,351.3 1 1
github.com/Neo4717/NeoCoin/ws.go:352.2,353.26 2 0
github.com/Neo4717/NeoCoin/ws.go:353.26,354.36 1 0
github.com/Neo4717/NeoCoin/ws.go:354.36,356.4 1 0
github.com/Neo4717/NeoCoin/ws.go:358.2,358.14 1 0
github.com/Neo4717/NeoCoin/ws.go:361.43,363.21 2 0
github.com/Neo4717/NeoCoin/ws.go:363.21,365.3 1 0
github.com/Neo4717/NeoCoin/ws.go:366.2,367.27 2 0
github.com/Neo4717/NeoCoin/ws.go:367.27,369.10 2 0
github.com/Neo4717/NeoCoin/ws.go:369.10,371.4 1 0
github.com/Neo4717/NeoCoin/ws.go:372.3,373.14 2 0
github.com/Neo4717/NeoCoin/ws.go:373.14,375.4 1 0
github.com/Neo4717/NeoCoin/ws.go:376.3,376.22 1 0
github.com/Neo4717/NeoCoin/ws.go:379.2,383.35 4 0
github.com/Neo4717/NeoCoin/ws.go:383.35,384.26 1 0
github.com/Neo4717/NeoCoin/ws.go:385.17,386.24 1 0
github.com/Neo4717/NeoCoin/ws.go:386.24,388.5 1 0
github.com/Neo4717/NeoCoin/ws.go:389.14,390.24 1 0
github.com/Neo4717/NeoCoin/ws.go:390.24,392.5 1 0
github.com/Neo4717/NeoCoin/ws.go:396.2,397.24 2 0
github.com/Neo4717/NeoCoin/ws.go:397.24,399.3 1 0
github.com/Neo4717/NeoCoin/ws.go:400.2,401.12 2 0
github.com/Neo4717/NeoCoin/ws.go:404.52,406.2 1 0
github.com/Neo4717/NeoCoin/ws.go:408.38,410.2 1 0
github.com/Neo4717/NeoCoin/ws.go:412.52,414.2 1 0
github.com/Neo4717/NeoCoin/ws.go:416.65,418.15 2 0
github.com/Neo4717/NeoCoin/ws.go:418.15,422.3 3 0
github.com/Neo4717/NeoCoin/ws.go:423.2,423.42 1 0
github.com/Neo4717/NeoCoin/ws.go:426.93,427.140 1 0
github.com/Neo4717/NeoCoin/ws.go:427.140,429.3 1 0
github.com/Neo4717/NeoCoin/ws.go:430.2,430.62 1 0
github.com/Neo4717/NeoCoin/ws.go:430.62,432.3 1 0
github.com/Neo4717/NeoCoin/ws.go:433.2,433.51 1 0
github.com/Neo4717/NeoCoin/ws.go:433.51,435.3 1 0
github.com/Neo4717/NeoCoin/ws.go:436.2,437.15 2 0
github.com/Neo4717/NeoCoin/ws.go:437.15,439.3 1 0
github.com/Neo4717/NeoCoin/ws.go:441.2,442.9 2 0
github.com/Neo4717/NeoCoin/ws.go:442.9,444.3 1 0
github.com/Neo4717/NeoCoin/ws.go:445.2,446.16 2 0
github.com/Neo4717/NeoCoin/ws.go:446.16,448.3 1 0
github.com/Neo4717/NeoCoin/ws.go:450.2,457.52 8 0
github.com/Neo4717/NeoCoin/ws.go:457.52,460.3 2 0
github.com/Neo4717/NeoCoin/ws.go:461.2,461.22 1 0
github.com/Neo4717/NeoCoin/ws.go:464.37,468.2 3 0
github.com/Neo4717/NeoCoin/ws.go:470.76,472.49 2 0
github.com/Neo4717/NeoCoin/ws.go:472.49,474.3 1 0
github.com/Neo4717/NeoCoin/ws.go:475.2,479.13 5 0
github.com/Neo4717/NeoCoin/ws.go:479.13,481.3 1 0
github.com/Neo4717/NeoCoin/ws.go:482.2,483.14 2 0
github.com/Neo4717/NeoCoin/ws.go:484.11,486.48 2 0
github.com/Neo4717/NeoCoin/ws.go:486.48,488.4 1 0
github.com/Neo4717/NeoCoin/ws.go:489.3,489.44 1 0
github.com/Neo4717/NeoCoin/ws.go:490.11,492.48 2 0
github.com/Neo4717/NeoCoin/ws.go:492.48,494.4 1 0
github.com/Neo4717/NeoCoin/ws.go:495.3,496.16 2 0
github.com/Neo4717/NeoCoin/ws.go:496.16,498.4 1 0
github.com/Neo4717/NeoCoin/ws.go:499.3,499.16 1 0
github.com/Neo4717/NeoCoin/ws.go:502.2,503.50 2 0
github.com/Neo4717/NeoCoin/ws.go:503.50,505.3 1 0
github.com/Neo4717/NeoCoin/ws.go:506.2,507.14 2 0
github.com/Neo4717/NeoCoin/ws.go:507.14,508.51 1 0
github.com/Neo4717/NeoCoin/ws.go:508.51,510.4 1 0
github.com/Neo4717/NeoCoin/ws.go:511.3,511.29 1 0
github.com/Neo4717/NeoCoin/ws.go:511.29,513.4 1 0
github.com/Neo4717/NeoCoin/ws.go:515.2,515.29 1 0
github.com/Neo4717/NeoCoin/ws.go:518.71,519.17 1 0
github.com/Neo4717/NeoCoin/ws.go:519.17,521.3 1 0
github.com/Neo4717/NeoCoin/ws.go:522.2,525.9 4 0
github.com/Neo4717/NeoCoin/ws.go:526.16,527.25 1 0
github.com/Neo4717/NeoCoin/ws.go:528.18,532.18 4 0
github.com/Neo4717/NeoCoin/ws.go:533.10,537.18 4 0
github.com/Neo4717/NeoCoin/ws.go:539.2,539.48 1 0
github.com/Neo4717/NeoCoin/ws.go:539.48,541.3 1 0
github.com/Neo4717/NeoCoin/ws.go:542.2,542.11 1 0
github.com/Neo4717/NeoCoin/ws.go:542.11,543.45 1 0
github.com/Neo4717/NeoCoin/ws.go:543.45,545.4 1 0
github.com/Neo4717/NeoCoin/ws.go:547.2,547.18 1 0
